method,turn,queries,gallery_size,Recall@1,Recall@5,Recall@10
fusion_multistage,1,19,257,1.0,1.0,1.0
fusion_multistage,2,9,257,1.0,1.0,1.0
fusion_multistage,3,23,257,1.0,1.0,1.0
fusion_single_edit,1,19,257,1.0,1.0,1.0
fusion_single_edit,2,9,257,1.0,1.0,1.0
fusion_single_edit,3,23,257,1.0,1.0,1.0
sscd_fixed_patch,1,19,257,1.0,1.0,1.0
sscd_fixed_patch,2,9,257,1.0,1.0,1.0
sscd_fixed_patch,3,23,257,1.0,1.0,1.0
sscd_global,1,19,257,1.0,1.0,1.0
sscd_global,2,9,257,1.0,1.0,1.0
sscd_global,3,23,257,1.0,1.0,1.0
