dataset_row_idx,session_id,turn,split,original_sha256,edited_sha256,instruction
0,327726,1,test,2c9428cb13881e4c022e961ec240e442970360249e39c6453b0298bd6fc8dee9,3e4fe83c679ca70dd9e97e8b362b4a63a85c34989874e4e5e4720f81b94fb639,change the table for a dog
1,435242,1,val,8a7a1434ebb91fb3740435bd96641868d03c3825b6bd3f1976a2f02669396678,9727815fef8cc78a16c71991b3c41203b0265348f3118b911ebb4a97c988b871,leave only words on the page
2,435242,2,val,8a7a1434ebb91fb3740435bd96641868d03c3825b6bd3f1976a2f02669396678,277545db80661f4b5281a449f0a68ceadc56f91b0af04eed74f2084cca235c2c,leave words only on half the page
3,513551,1,train,2ac4f31034fda257c136a7abf73f60418e88db0bb679690682fd416e6cf6a45d,eb80fff692d8a6f4f42e480b3ee96a4248e8f2764519a5e1216c4212990da3c5,leave only the scissor on  the cup
4,138270,1,train,3b06cfdc9e6e25096cff0e4c57241b8717ee74c7e8809ba68dbebc22cef870ae,c0ea0c90c51eff6d8ae47079dc98fd49c5a505f1db2dc70f19a09dd43b514e9e,the window is now square
5,181992,1,train,142d28ec1a25709b43ecd6cd4d3d4fbdf44e633a34b10002852c88b4796b98a4,90f5b5991a240a27d996e41efe21ff16478474e3f7232ea1a31076a3e93ba417,let the car be a sports car
6,181992,2,train,142d28ec1a25709b43ecd6cd4d3d4fbdf44e633a34b10002852c88b4796b98a4,e4e5a1c46fdb4eb09c7a3bb9f59bfd53345a3b05cd39be75f5585428afb5bfe6,remove the mesh screen
7,181992,3,train,142d28ec1a25709b43ecd6cd4d3d4fbdf44e633a34b10002852c88b4796b98a4,a1da8e175a79791a96b0bf27e40dc4eea63ce1e1cde92b30c37f93ba98d0472d,replace some bags with throw pillows
8,442654,1,val,c7131621a0516dd223f7482621bcc6eb6bcee7686ea5bbd87945f8dd3c5daf7f,777cc18ba5c8fadad8f819f965ae8171fed2f8ad815c18979f2fdf152f44a675,turn the stop sign into a no parking sign
9,442654,2,val,c7131621a0516dd223f7482621bcc6eb6bcee7686ea5bbd87945f8dd3c5daf7f,abb52d66d019a2a159d38d4e5eab18b27a57b4f3205d31d4e0b874c6269f1160,remove the lower sign
10,403221,1,train,b95f41fa94e6a92ce024891b716c257d56bad324abd88f01f3ef07b4b98c62ce,240f4e74ff7ceffdf74340722e288e767ebd7d5a810a2cb1e19dea87e8554e38,Let the sheep turn white.
11,278535,1,val,454fcf21df337ead19686b834493e63e6dad3ed372116801aadac4daafe62bfb,240241f0c6058d350d9140c4b032712d1b844427689d136242b62dd0eed8ee0d,Have the business be called Bongos.
12,278535,2,val,454fcf21df337ead19686b834493e63e6dad3ed372116801aadac4daafe62bfb,05f4ced5bc85ee0cd1489f144fb8d3cfc518a2094b72a8ef5afc46f1c8c2d1c5,Turn the stop sign into a lollipop.
13,298692,1,train,e2ecc33ba550eb72cb686289430d3745ae38f52d0723e93824cff0cd59ad28c6,0e1efcae5fa027e475d04369b7e5eab70bc43b89fb4d84d81a7dc67564c38475,make that backpack all black
14,298692,2,train,e2ecc33ba550eb72cb686289430d3745ae38f52d0723e93824cff0cd59ad28c6,c33c34291edd292b520899f3ae04ec2168601eb0363768523645947840da0e03,make the girl ginger
15,262146,1,train,4dd260318672ca87944aaf8d7315e6fbe98c6cc1edd35b38054126eeedf9fcc1,2847a829eeb87375f9621cedc7b7a2535e627fdd51fbdb1a102087d97be9cc3b,Give the person a cape.
16,275542,1,train,6eb9fe93cca34f6063fdd75d5bf80dc41f70b7ece04b9c8383d27c244ee71ef5,ee358636075cfbd4c838d1ae42549af63f27d5fe2720c14dc3fa8f503cff45f7,let the dogs bite a stuffed toy
17,275542,2,train,6eb9fe93cca34f6063fdd75d5bf80dc41f70b7ece04b9c8383d27c244ee71ef5,c4431fc7e915263a925a36c1686d3fe12900f005ccec02565b84eeab4e50f06d,let the dogs wear jackets
18,503855,1,train,646a974be08fc586859cce993a1d2c1d410f5d86706ab499ec3df4b57cfb66c0,09509e86c94f8065fc9dd859a08d08514891bda1e3702892121a47a3d7ae8df4,Get rid of all the people.
19,503855,2,train,646a974be08fc586859cce993a1d2c1d410f5d86706ab499ec3df4b57cfb66c0,a99194798c2b2a797ae994b4864206ad8744ceab393f72a71254983cf91dce2e,Make the umbrellas blue.
20,503855,3,train,646a974be08fc586859cce993a1d2c1d410f5d86706ab499ec3df4b57cfb66c0,7428d80e857990068e93d16454b41be6d8cd87109b03579ce6732185ded40a6f,Add a big dog.
21,166761,1,val,f9309bad846b14855f526d73adcb319f38dbebc38b231e721eb380cabe908116,061d94628f5bd6ea6278855d730139b241421ecdbfa0edb909dc1351b19f1d83,change the grass to water
22,166761,2,val,f9309bad846b14855f526d73adcb319f38dbebc38b231e721eb380cabe908116,2f6d9e4ac1e0a72166ae280ff6ca5b56cd7b4919894cefab25c69c317fe71091,make the airplane a toy airplane
23,173530,1,val,5da78ffbf5a1c616468ed313a9bc424c57aa623b535da28c53519043085cf176,feaebd5ce295a9069d4d62fd193e712a52d6ad13b4b8eae13bb2396ae13c6235,What if it was another car on it?
24,504170,1,train,ebf03bff036993d6fc27828298fdc9becc23d84527eaa92a9050aa4cf733eba3,4a481026535484b2029a9ae40f28e05a1962d77e0ed592a3faa932b2ff468fde,The background should be of a mountain.
25,43894,1,train,1d21a8f057641e76567781c47365dd8cc106e934cf77ee7db68e745e761ff776,7d00e23ce194dfbdb12eeb1e922b757f5b2d8ded8d399d51de0324d303f5c9ed,let the cellphone screen be blue
26,43894,2,train,1d21a8f057641e76567781c47365dd8cc106e934cf77ee7db68e745e761ff776,7395652e6dd5183411bf73f2338b9d7f42ecb56a93cf04f9fac248b93754652f,let the laptop be black
27,10909,1,train,21e12885fc0c3417afb485f0677239631ead21cbb6b2922a05e92221284c3173,095fe1e361b29ecd87ccae56a66443aa6686adfb90b846b68a33aedecd3c41d4,remove the microwave and stove and put a refrigerator in it's place
28,10909,2,train,21e12885fc0c3417afb485f0677239631ead21cbb6b2922a05e92221284c3173,42409e1410d82e2bb8aaabd18694dc2d1c3e2cb94bdac1c1d5e69d2f5307d146,swap the cabinet for a shelf
29,236951,1,test,cc8f3ff307fdf55fce5bf8f4381005d3b8888cafae8c676f7889b1e9b5a7968e,72adbc453d16da7ba2dc8ea0f4329dcc67d849465791f22f7e7fea5ee7569c5c,add a bullet train
30,236951,2,test,cc8f3ff307fdf55fce5bf8f4381005d3b8888cafae8c676f7889b1e9b5a7968e,43bb9f9fb35c53326d5f11adf333daad6a7b9cd5c37f49cd6d0f16aea9b43683,remove the boards
31,236951,3,test,cc8f3ff307fdf55fce5bf8f4381005d3b8888cafae8c676f7889b1e9b5a7968e,de0378a41e5e8dffe22aaa75c1f4188ef210c9a69c7ee79acfc3ff75b8b102ec,add a bear
32,61184,1,train,363e8f403317e5833c1cddd2e24daa16844ce2e470178ccc92120c07e45538e6,5f7b627aa6da636c7074a0375a83b92be31b706325b4ba1e9fe46c3aec40357c,remove the bench with pillows
33,61184,2,train,363e8f403317e5833c1cddd2e24daa16844ce2e470178ccc92120c07e45538e6,a5cfc3c1a148b1cdf370620c08b694da36499ddc6dbfc97ea10dfeb1fc65d064,remove one potted plant
34,507950,1,test,ecf1bcde2dc694c95a06902d84a36cd2311c1bb0f0faf3e816ff2729f49dfcd2,1e34e0a3223bbc3808d50bcd31fe287a88af08c609b0cfd4f567c29013348b01,let the train be blue
35,507950,2,test,ecf1bcde2dc694c95a06902d84a36cd2311c1bb0f0faf3e816ff2729f49dfcd2,a2949284d844c0a43856664d47ad5cc8582acde1c1b66962552f4b6cd4a8d74a,let a lion walk towards the cows
36,507950,3,test,ecf1bcde2dc694c95a06902d84a36cd2311c1bb0f0faf3e816ff2729f49dfcd2,c41acca8a51ac107ce43ed68a8dacfd8875dcf876ba8ca4a1ad95ae8f1e61de7,add a helicopter in the sky
37,566823,1,val,d453120e637c3e501e3f98205e7ad12b08ed6c0c2e7c1e9228999fa20a6ceec8,d3769d591a976d0d0630931a06966fedc2e473d412076eecaeb448d2dcff54ed,Let the bus be single-sectioned.
38,442416,1,test,706f590375dd85218b13e8594404c0dfc1175383138b4ad8e003a1e451c3149e,9869d452726db460b3c790ece5fbdad5a17780d4892f9f919d9052856bbac3b6,add a phone
39,442416,2,test,706f590375dd85218b13e8594404c0dfc1175383138b4ad8e003a1e451c3149e,888402831daf67d42c02813c05dfba3ef2e1458bef1364b0edcd39d73879085b,let the two pizzas be pepperoni pizzas
40,442416,3,test,706f590375dd85218b13e8594404c0dfc1175383138b4ad8e003a1e451c3149e,e9b91ac86a978fa807582ada928d8e6d1926f26f4dc74eac0beb6ec77c5d4bae,add a microwave
41,357633,1,train,f611068f4b3e4f139982098c3757aa411a110203c2e9cf1871eada47e161635e,85c58e922ff76e560d2558d4c249998893ede75fa11a96c613ca42f1e9cde686,put a car on the screen of the laptop.
42,357633,2,train,f611068f4b3e4f139982098c3757aa411a110203c2e9cf1871eada47e161635e,ae78e960a396234abc8a243a94219a2d6eaefd57db1bd3c3e85572290ae57a0e,It could be a hand next to the laptop.
43,357633,3,train,f611068f4b3e4f139982098c3757aa411a110203c2e9cf1871eada47e161635e,80e9370092f043289dfccbf1f9917cc86de4bc616824544a3f3fe2fbe2114354,The hand could be holding a cup.
44,115859,1,train,4dbff79dc41a263d7d01211c0b23b1e164b90dabf0fa9611c90a750b90476e24,826df3ef83aa5ae9335abd928d625921fe1b689202f756f04af92dc00972ffef,make one of the dogs pant
45,383706,1,train,bd841b60805f5cfea5358fb088af118f477a85defbce6e2e4ec3444a94f487de,10181107b50e48983a3593e036aaada2e182c7cdc3112cfc412cb25ab420a7e5,What if the doughnut had bites?
46,570259,1,train,3e56516cde14ece29a08419dd73e190239fdc802d02ee131c52fc600c2fa8ff2,751e7e65eef8f0a0158a96013e7799f8958c2d119df2b93ce309559104d5093b,the bowl needs to have ketchup.
47,570259,2,train,3e56516cde14ece29a08419dd73e190239fdc802d02ee131c52fc600c2fa8ff2,d343b300f28e06f9a16b47a3a0a7fb9791ed9290c568a328cb17275f1ddc6430,Can it be a hotdog insted of sandwich?
48,570259,3,train,3e56516cde14ece29a08419dd73e190239fdc802d02ee131c52fc600c2fa8ff2,e659360a5ef02878cc1a7b423bea8ded613c077a607d9cb2e7e62773f217e682,Put a pizza next to the hotdog.
49,74549,1,train,43b5492c463f98695a327cc026bca6d000149f362e8c727f197bad5445288dbb,17561fd65973d12039b60656593bd2c4c519ac8825adb3b16b093cba38bbb28b,Let the sandwich not be eaten.
50,23781,1,val,7ba39c75d8ea61d68cc48702e59c3f3e7776b967e067cd3bb8ff2c58d9434f24,cd9a42063256cc5145716757e264e320c320e318c0b36b2b10768d8f1946f2d1,add a bouquet of red flowers
51,23781,2,val,7ba39c75d8ea61d68cc48702e59c3f3e7776b967e067cd3bb8ff2c58d9434f24,3e3e347114f0eb59eeb14ae83838ad208e25b60b0c24b7860a67cb997ac403cf,change potatoes into oranges
52,23781,3,val,7ba39c75d8ea61d68cc48702e59c3f3e7776b967e067cd3bb8ff2c58d9434f24,caff60302d9933ba95660e88a1f644702361781392abef32e2a7b7fbc4e8a39f,let a grandmother look at the display
53,192047,1,train,54b440404d6d41b82e7be14b5cd152bcf6804b22b91b921709bd0c1fc1d09cd9,3c442af481e6c1443cfd6e052526a36539157f962a8e752f9e0de8fdea482def,Replace the mirror with a window.
54,192047,2,train,54b440404d6d41b82e7be14b5cd152bcf6804b22b91b921709bd0c1fc1d09cd9,0bed9f28dab9bcc12fab379858d924016c7001ad72b1302c789f6534a1abd020,Put a towel on the hanger.
55,152327,1,train,0a897d952d51d80e1e46055983c72010add05e966b12e140b6c7783fe8f00119,2644e7c170f83079adc2389c8f4c1a6b147f302fac99de2ae3ce1b7b19e6277f,Make it one-legged.
56,251888,1,train,539ce9aa2cbc9805436225b5be1c5dc60fcf1db47e840573cb46de89e1320adf,71be3619ed0a35f6b133072f0d1918503427871bfb3baca686dc568dc036e814,let the boat be white boat
57,251888,2,train,539ce9aa2cbc9805436225b5be1c5dc60fcf1db47e840573cb46de89e1320adf,1241e9bb58811ade246d67a900d6e32812c80c3ffa24c075d2e1ace4b1ea2217,add a shark in the water
58,251888,3,train,539ce9aa2cbc9805436225b5be1c5dc60fcf1db47e840573cb46de89e1320adf,b6ec2e370df135a3a4175b82ec533664dd2d6c67a6f3907d521fa842a12a39ae,add a plane in the sky
59,528432,1,train,9083285eb59fac443751f4a65d98c421a9f397dbbf0c2b86743246bb1eec375b,588f217c9507fddbbca85a93f6fb1644bd391b615f31fe88bb43031070b2d753,let it be steel bats
60,528432,2,train,9083285eb59fac443751f4a65d98c421a9f397dbbf0c2b86743246bb1eec375b,58dd9599d02b78843c1cb12dfa3064e52675e2cbdfc20d48f8e95bd7aa27aadf,add a baseball on the glass table
61,528432,3,train,9083285eb59fac443751f4a65d98c421a9f397dbbf0c2b86743246bb1eec375b,1189773089ab9a4ac482b8724cf23aed975d3a15ddb0487c4bee7953645d6dc5,add a rat
62,328270,1,train,97af72db82fcb992d890535f1aea449770f55ba452fef491d8bcb0b34ee0f62c,e9291cfc6f3a9f214719e7886f4eae9f7e6ffd746ea6ae240f463dcafdb5fc3c,change the blue shirt to red shirt
63,328270,2,train,97af72db82fcb992d890535f1aea449770f55ba452fef491d8bcb0b34ee0f62c,a2b909fac568038eaa9e15d7e2fd8281e331c5bb27b9113de8a22326e4f4c979,let it be a mushroom pizza
64,328270,3,train,97af72db82fcb992d890535f1aea449770f55ba452fef491d8bcb0b34ee0f62c,ae5cd7e20b59dc4c643032094d1bc7798f716067352f624ae6e31a4a2f1d435c,add a bottle of olive oil
65,553990,1,train,204c451fda8ccf79e0452c7d8799582eab4230823bb4eb35a72981ad34a37145,943803bc313b32469592727344d9708306c88546b5449a3ced59722ce4f52412,Make the horse's coat dark black.
66,553990,2,train,204c451fda8ccf79e0452c7d8799582eab4230823bb4eb35a72981ad34a37145,39346a115614388a8f83789fa261e2da250821bc0fdcb6ca7130df6c6add5057,Make the woman's pants black.
67,171472,1,train,6f58efbda6edeb61a108be186ec3ae7400095485960744d49dbc8ab4251f0c29,a970ecdc74163afc8a2afc49bdeb203ada1b62ead73eefd1df1ec7eb03a2486a,let the bag contain soda bottles
68,171472,2,train,6f58efbda6edeb61a108be186ec3ae7400095485960744d49dbc8ab4251f0c29,5c2f3492811365072879f508a3757ada020140a22a007cbebf524db3ca5a6cdc,let there be a couch near the bags
69,171472,3,train,6f58efbda6edeb61a108be186ec3ae7400095485960744d49dbc8ab4251f0c29,9679e8231550b4c80073bcd3008dcbeebabefb9e544d8a0da4c8ceefd97e93c9,let a dog coil up and sleep
70,551427,1,train,13fc1369d3d65b04736649a447d8f410853bfa249374a101b319209fe0d93932,4f79ea28f4439a3a0709d9632547cef5a329b49f4d56e026faeda24b3a84baec,make the stove be on fire
71,546597,1,train,57b0a8561ac8481984f3afbbb9261e14af64742095e2fd11c948ad163d8f023a,30207738e99d5ebba5d830fe4a1d3cc9b0dcb341d7a7b5686fc0df64e8441e8b,make the street empty
72,546597,2,train,57b0a8561ac8481984f3afbbb9261e14af64742095e2fd11c948ad163d8f023a,12f506d431b4e3f37f614b17e517ac5a221933c9151d3b10b5ce0d26dd52de9e,edit a castle in the image instead of the buildings
73,540122,1,test,684f66eadb996666bd2a9039c1d9304654692e2eb0c8c2ccb531a37d0cb8fa2a,c2bcec749e2b50f6363b27db8e871993f3f4bf1ba11c3ace0e52bfed24632d9a,turn the computer off
74,459662,1,test,a660c59c87fa380f88af1f8d95d187015c175748bcaf4330b872684c249741d7,7c045befb6631d1934359ff28ce4f6da1bad017d69f8f8a736b3c4c3e0911c7f,Have one of the girls be wearing a baseball cap
75,62756,1,train,f0f75292af85a1fd71552a182ff44faa1bd9f2faf65aaa85855359550e4d41f1,30e2379c0f15887c37f9515a6deea2dbe731584f2a5ee862cf9bb762358fa5d1,make his tie black
76,62756,2,train,f0f75292af85a1fd71552a182ff44faa1bd9f2faf65aaa85855359550e4d41f1,c0cbf5803322eafba50986e883e387553cb12e58120265fecaa5bdecd1a47b67,replace the white truck with a white motorcycle
77,62756,3,train,f0f75292af85a1fd71552a182ff44faa1bd9f2faf65aaa85855359550e4d41f1,20af7b253c685f4ecba05afdd02df604540b034b8fa97c5795c48a58f0f1e829,give the man bermuda shorts
78,292512,1,train,8d0867d5bf2d12550fb4015e388abb235357c85c7fc24a9a40a46989f7ba205d,1295e75c4a39552f05f9e20afc67e107f9058d24cb3403e1ae00cecbb5bc9984,close the window
79,533536,1,val,85da8d5b3930bea136ee89aeca8161af8507b6edf53ab6023f717dcf7c569c0c,bf8ca4de2947b44d5c0f5efa92e5d85fd19cd2a2d62b65d6beaa920bfcab42eb,Make the cat a dog.
80,413182,1,train,3f0c61713e2502f26526fe6af34fb323989bcc074edbb517c00eded316943210,0d3b7a2abf676271ee1d054b2afcda74202cdb78a046a917df50b1e7ec82783d,Have both kids be wearing red baseball caps
81,413182,2,train,3f0c61713e2502f26526fe6af34fb323989bcc074edbb517c00eded316943210,8736895879e5a38998e454b8961f240632f2d1370fc6ba89cf2a14b70443e713,Have there be the number 9 on the shirt of one of the kids
82,357057,1,train,e41ac528bf77451e07150ad8ded8efefb85ccb6cdc4ad62fc7f57280d33e89b6,628f9ad2d9566aef731651c42d556d119a83532c4bd4878953f2bdfc257d01cf,remove the towels
83,357057,2,train,e41ac528bf77451e07150ad8ded8efefb85ccb6cdc4ad62fc7f57280d33e89b6,264bdeeb29eba6745fa70b0315b69681b1e16c8400d68412f9fef60d5c4862fe,remove that toilet paper
84,357057,3,train,e41ac528bf77451e07150ad8ded8efefb85ccb6cdc4ad62fc7f57280d33e89b6,771bc29fe5d1a24b540cffd689c301004e3ddc0a886a7946b43767c0a4b9c8df,remove the items from every shelf
85,50058,1,train,3e6364c2d0b3af75580ad56b63926961e85915e1e03c1fc654b94a6dc819fdf9,03faf96d8749c64dd061d8f9a08d2cad13e8dfddda8f693f8b7c9c3b12ce41ac,let the snow pile be a grassy hill
86,50058,2,train,3e6364c2d0b3af75580ad56b63926961e85915e1e03c1fc654b94a6dc819fdf9,dc06ed4b117e4d87c0c014dfd4f533dc2db12bb3b9f47c1dc2fdd797845b61ed,let the man wear a sombrero
87,50058,3,train,3e6364c2d0b3af75580ad56b63926961e85915e1e03c1fc654b94a6dc819fdf9,9f38e9b036f1d9fdb8fe34588a774fe6b19f58ac7d541529250375f1e6c3bd5d,let the man wear casual clothes
88,274516,1,train,3cee7c583d85b0a60b26affb52bc739c6ea6227fbb732f258ff9ab8ae499dcfa,5f97a03c5b1ea413668618be4e1e7903a8a96f54cef4f72b4416ceb9f1099c41,change the motorcycle into an ATV
89,274516,2,train,3cee7c583d85b0a60b26affb52bc739c6ea6227fbb732f258ff9ab8ae499dcfa,140beedacd1baf4aa528983578d220f59d624117b19050b629395c91ec7dccf3,let the man wear a red jacket
90,274516,3,train,3cee7c583d85b0a60b26affb52bc739c6ea6227fbb732f258ff9ab8ae499dcfa,23cf262de72b51cdb9f7a2935f0d439cc462240a3b39694035ed2b1731eeca75,make a rabbit chase the man
91,549042,1,train,7ef26c444e0bc66f75c9d54f5ba6a22df8636f7876c9995621df1d604f6f8b74,d4272ba3b100994efc796120abf30db79501003e56a9ed975fc5f39dcadca75a,make the elephant raise its trunk
92,549042,2,train,7ef26c444e0bc66f75c9d54f5ba6a22df8636f7876c9995621df1d604f6f8b74,db19e8327b162ff6aff8a7a650e1b7eb65f0489fd1dfc7eeb80cc19eaa3fbc82,let the elephants have bigger eyes
93,549042,3,train,7ef26c444e0bc66f75c9d54f5ba6a22df8636f7876c9995621df1d604f6f8b74,ac839de5461966d13cf317c80cfa23b2da51a3039f98cf85bc0f0f983b5d9357,let the elephant wear a beret
94,114748,1,train,24f4c9342b4816cf72bc361333b5bf3324a9276d981716cae1d10cfcc52bb288,698d44877f45e5b9e913c293b0dd4dffce4a0c684a4fe3908df3c89f161a0807,Let's add a flower sticker on the fridge.
95,373038,1,train,6d7d0bf4abbbd3204a1a83fb50cced8c110d1e2cfbd05fe015e2e5352aa07ccf,6252e0a9f67c0511f32da71f0ac618b454555863b4e5302ebdc9fa77b0ba390c,make the cat lick his paw
96,17324,1,val,4f6c7376894dc551bfbcf02e7e66639bde45a6c746d35f2f62e9e7dfb8f7b63c,659e81cdc809522d292960c76b0d9de31507a0979d5bb99b8aa13b9de29fbe71,let the zebra have its legs up in the air
97,17324,2,val,4f6c7376894dc551bfbcf02e7e66639bde45a6c746d35f2f62e9e7dfb8f7b63c,84e2ea60ce49496af407fb36a4c62ca34118f86717c4574bc99139713a21a45c,add birds flying in the sky
98,17324,3,val,4f6c7376894dc551bfbcf02e7e66639bde45a6c746d35f2f62e9e7dfb8f7b63c,1f370e6fa36d72712797d63e1d31a7aaa1965edd34c4481b879d82f0f54fca79,let the tall brown grass be green
99,72795,1,train,ae772267f62153bf9e74bc2cf49425c7254b13a1941c1429d6ff48de24683e1a,359b6f5f8716ac865c35eab07e73d86388ec1dae969d39bb22a0fa3fcfc457df,Replace the batter with Batman.
100,393223,1,train,9450bd5ffaf69fcc3bd0abd66c74eba65c1f58dbe384680f9867038ee31ff466,7181b555dd38fc845aaebcea37527835a4647749ab283426b585437226d459b6,Let the man wear a golden necklace.
101,507939,1,train,7f6b315d7ba9d09d14f863c43e8695336398d12a8ca826f8c8afd462d1050be6,2b260176b6fd11991ffdec78e29d77fc57f8afce6e584db038eb73cccdb64bab,Have there be water coming out of the faucet
102,202066,1,train,a5d6c8114e789dea07f144d0cc1ac7265272036b89b94f340683c1fd1f4295be,27775eb516f89c352df6c594bd8b466c03b06b866f69c2d3aa0f5d98dda7ea4b,change the poster for a painting
103,563771,1,train,1e545cc6f491c94282c8be6fb0f22420805358198abc72218d398f30f6cec396,b8091382ed706202b4fe4bdc06a306ee6ea3040c0c8c7a340c0b6d7f9c4193f5,Place a vase of flowers on the table in the kitchen.
104,247838,1,train,54a43062c0f817b5c2003b3af825fc7f7e786979de704950c76fc70efb87166f,e9f5ce039ff55e687f2487b0ff58aae1b2e6ea034a1f93afe5b31eb6adbfe3e1,Put lights on the tree.
105,247838,2,train,54a43062c0f817b5c2003b3af825fc7f7e786979de704950c76fc70efb87166f,3280a91b0776d761411b9dd516a546e006c115d934324bf0a4628b550cb939f5,Make the tree a palm tree.
106,247838,3,train,54a43062c0f817b5c2003b3af825fc7f7e786979de704950c76fc70efb87166f,1a5dbff1a6223f20d591bc89ecd25e6f1af58c4a476f19ed054a284030060ef7,Add a cabin to the scene.
107,130579,1,test,f96bb2fb3047094ea2fa37803ddd378884f13d2d26b22f8dbbd70718f2d4ef0a,ae888001b6f1de73e9358e47af1e977aeab60cb371843916928e08c90e4c6b70,Add a second player
108,130579,2,test,f96bb2fb3047094ea2fa37803ddd378884f13d2d26b22f8dbbd70718f2d4ef0a,47fca7012a1bb75eb9f38386e59cd213f4cb510063f42da2cae8a6371741f195,Change the hats to white ones
109,243967,1,train,69c5696f8575d69e4eddeec44675112d51b4bd5feff4a213ec7bb96dbf7ea411,512b7724a38353d57d708491632348627bf68394e71b9a0091924a7c881e86ed,make the keyboard more than one color
110,159231,1,train,a49878785388a9416c55ebf820e74740cbff1ca8fa098434207c88cc2d2deb18,47c6107eed10400196eaed0726e282d3f8e6b7db3b13dbd7650abaa007fef250,Have the man hold a sword.
111,441199,1,val,3ba18a2f846f25c2587e542e2af58968ca619cc8e49783625f3ba1803a9fd109,ad540c13a2dfa7ee67069505fab44c27d0693ecc850707ea823984321cc52777,there should be a pancake on the plate.
112,441199,2,val,3ba18a2f846f25c2587e542e2af58968ca619cc8e49783625f3ba1803a9fd109,f7fed51770c3a9435f72f9a771b9eabc5402d064e395277f77f90b1d70c08999,Put a ball of icecream on top of the pancake.
113,441199,3,val,3ba18a2f846f25c2587e542e2af58968ca619cc8e49783625f3ba1803a9fd109,536991827074532f1e3e356188d64b249d8464cd0220b3fa710a0393971fae0b,Could it be a glass of soda next to the plate?
114,231874,1,test,1ddc35570a36b8506cf3bbde961fd9ffd4a9cdb098a7b08da13de1fb1afa98f2,91ad2ba35c38714706d64954ced6f55fe4de22383fb3a59d5764bc2087b6dc7b,Put a rat on the floor.
115,231874,2,test,1ddc35570a36b8506cf3bbde961fd9ffd4a9cdb098a7b08da13de1fb1afa98f2,ee64fd6c351444498c05b5fd566626e5475169f655a80e612f6b0cfc30a0402f,can we make the baseball bat shorter?
116,562620,1,train,68b098feda4fac0f72e9a3ddb26ca6ebebde022e64fd1739a936d0310f8d2b15,17486a98450800e5beeeb6def407463e9737f489675606d5788aab6d20209f14,Make the snowboard red.
117,562620,2,train,68b098feda4fac0f72e9a3ddb26ca6ebebde022e64fd1739a936d0310f8d2b15,16ae0cb4ecf7e64b05f5aaf232b71084ea17889c43fb56097862beadad4ff3f1,Put a yeti near the snowboard.
118,562620,3,train,68b098feda4fac0f72e9a3ddb26ca6ebebde022e64fd1739a936d0310f8d2b15,dd637b8847c9fc035edc47b2100d48c1fd87fa9ab9968be80f09bf3c908a39ed,Put snow goggles on the yeti.
119,499738,1,test,44e7213cde9fd9053d1f033ea44c94664c3375a4cc07f1cb0a9ae5f93583fb3d,88237f6772cb5e35586e61bd501a5beac98e49c0546deea0ff774cee8dbefbe0,Add a water puddle.
120,499738,2,test,44e7213cde9fd9053d1f033ea44c94664c3375a4cc07f1cb0a9ae5f93583fb3d,0bbc4e7ba09a241248ff9a5eb42ced2782927dc3eccb546eafb5c6a2beb7a6e4,Add a person riding the elephant.
121,156301,1,val,e74a0c5b08dbe099afb40bc114b85aced1d809b4ae99069272f9dfd37872fb05,f904147729915b8aa9e604b23f30482116143c6542bf329990065df3fa3cb14f,make the pie a bowling ball
122,172595,1,train,05c36e483af1573d9158bae559cf5fa59bcdd0a6d23a66c59138f372c9d1f8ef,e1f6d30f7bcc2009b30e536bbe38bd6c91fc5f347512998d3fbb7c060f7c1935,Put a cup of coffee on the desk.
123,172595,2,train,05c36e483af1573d9158bae559cf5fa59bcdd0a6d23a66c59138f372c9d1f8ef,0e553fd18c5ec39bac6312e7015d01a1acaebd23297dc721bb7a7c7828aadb2e,Put a mouse on the floor under the desk.
124,172595,3,train,05c36e483af1573d9158bae559cf5fa59bcdd0a6d23a66c59138f372c9d1f8ef,a21921723795bfe0bf295b9459bc0f86c83f71c18e7fc4d920f404e3b94ab386,Make a woman stand on the chair by the desk.
125,475277,1,train,ca2e4efb8f9001ff7ca2d28e15b677c9cd53d1618affddf7d4abbb2d591d64df,d009daf285834701d30609eebd26a3a6165542ea353e8379ff2a6ea8ef49e3f6,open the horse's mouth
126,475277,2,train,ca2e4efb8f9001ff7ca2d28e15b677c9cd53d1618affddf7d4abbb2d591d64df,527582c2295da5569ba06184e677d859bd8dcb561a89ad7c1f1ae7b4043c20ed,close the horse's eye
127,410650,1,train,63a17b16ce37f35eddad26cfde48c710a7a1db84a7633296835af3ba402b671f,c10c325191488d8ec1b519a43a4ca0c5d81b62c369fd3be359f4cbd9da66af59,Make the player's outfit white.
128,410650,2,train,63a17b16ce37f35eddad26cfde48c710a7a1db84a7633296835af3ba402b671f,e3289d3fa7f251d972ffec62d0401fec1224aa250686793df2ea17e396bae685,Make the field grassy.
129,450075,1,train,f966532230bad57cf7f0e8c3e64e5f18fdb24fb6bf9b07bf2d4989fb33c9ceed,642fc31660a62a32326ba0462b3d294b3fc147b3e52b23e7584b8d44ee3fb6e7,Make the hair of the person getting a tie put on blonde.
130,207027,1,test,2fceef0dcf653ab4a5d06c5175f443f0979ab36fa4e3e8a6912904d0a9b3a593,8c559b7ea946b70ed2be27bbc2feac746457dea2b512509f37556c1da8f24051,Let the sea turn stormy.
131,218113,1,test,eb7b92ac771ace77bdd1eb8254dacf82e2a4236ac8f7355006d0cb0e5c1bc56e,74c1e3ea01167e56999e3c7b37e8f757699033863da4bc7210a8fc469812912b,put a sword in place of the snowboard
132,218113,2,test,eb7b92ac771ace77bdd1eb8254dacf82e2a4236ac8f7355006d0cb0e5c1bc56e,aa2591645930422af4777534ebb28c27b2800fbc554f70dcc786091c50c073a9,place a shield in the picture
133,65564,1,train,95e122508123e676fa00e4cfc02f5a5eb47dc995b1a5441f38479d9ca5d3404a,590edb2c30329e441abe890952563fa2a9de0dde8f33b699276fb3b0aa0760b3,make the giraffe smile and show it's tongue
134,65564,2,train,95e122508123e676fa00e4cfc02f5a5eb47dc995b1a5441f38479d9ca5d3404a,9907ed4c35bdc6b38ca30a1a4c800c4aa5b1b4704b10f1d965c90a3fff8f0603,add a balloon
135,548377,1,train,9a40310e2f0343a5d3db1e6b26dc1f693449713cd41e6d7e0248ae22c32cb65a,1fbc93b1d94b9daf9be2b910ab0b68ecfa3b3bf3e3ba380a7da09a39acec6a8c,What if it was a chocolate cake?
136,194600,1,test,cdeb6dc46cef7f8475b94936b04054cc659d65d2aaf8e9d265b6e18e7b573b09,8e94fd40a8ff46e2125a6ef447fc29afd82fd497d03970259e2f960e7f0c2bc5,Let the man have a mohawk haircut.
137,65562,1,train,106114d465a4577d90295196039a2903075a90687a94fbf1d12143f4872fa89c,ac20581fad910681a7ca02dc6febd17f590f6f06fbd6ec77a218b8921f93cf5e,change the baseball bat into a cucumber
138,65562,2,train,106114d465a4577d90295196039a2903075a90687a94fbf1d12143f4872fa89c,0e352c71d504319fdc5c6aeabf79701f5f78ac4aa06318002afa70d4e8e109b2,make the uniform blue
139,65562,3,train,106114d465a4577d90295196039a2903075a90687a94fbf1d12143f4872fa89c,18b320b912aaf86af6bf6a623a33b1d861c59d645bc9c1eedf9c1c57904606c0,add a boxer
140,422894,1,val,ecd493e122b0eafed51e02cf1ef2598083caf63a5bad65f2ad4ca00f82b94dea,eae9ef9ab05327131c764a8fdd7c11e4af54c14d5cb776a9dd325cfd10386db4,let the ceiling be wooden
141,422894,2,val,ecd493e122b0eafed51e02cf1ef2598083caf63a5bad65f2ad4ca00f82b94dea,3b128cb90d0923998746727a905dadc0cf3a12cd874ce3106a97e3a993575ae0,let there be an abstract painting on the wall
142,422894,3,val,ecd493e122b0eafed51e02cf1ef2598083caf63a5bad65f2ad4ca00f82b94dea,fa81342bc9d4d65eb221b52dab2475c68b7ccceeacde77e9985d5a51d2c7d2dd,let the bed be white and rectangle shaped
143,451690,1,test,e29b6da0ab8b57c4195d12f72ae7601fb907db54f17b7e27f485e378fc19e060,392196f035be73523fe39a2aea284849b778a03bb7f9f29d6a1254935a435950,let the child play with lego blocks
144,451690,2,test,e29b6da0ab8b57c4195d12f72ae7601fb907db54f17b7e27f485e378fc19e060,a345a2760178612245d4618d96b5178ba0783040a8da41b85ecc21845e1c2188,let the child wear a dress
145,451690,3,test,e29b6da0ab8b57c4195d12f72ae7601fb907db54f17b7e27f485e378fc19e060,4d0eebeb705137557fadc982ff05a1a5df914938da7feae9f0ea590abf5faf7b,let the child have curly blonde hair
146,227523,1,train,44c69c70f81bbf699a1f3ba6c96b44b3756e87d6bbe808ce034f7bc0096f3fe3,4ccef0c541d14980cfeb50972b1891ff8ee3a5ea237db5bd20d07f12a93f00a1,"change the stop sign to a ""For Sale"" sign"
147,227523,2,train,44c69c70f81bbf699a1f3ba6c96b44b3756e87d6bbe808ce034f7bc0096f3fe3,c7fd90757289863a30236df3e5bc0ab1fc35c3e33467749646723c18e714f5bb,add a bird in the sky
148,227523,3,train,44c69c70f81bbf699a1f3ba6c96b44b3756e87d6bbe808ce034f7bc0096f3fe3,1c33ffab45615becee1b8750192bb73b77e0692e9a56640339a7f8c15540e526,let the trees be colourful
149,78741,1,train,e20b7c57dd0f0b352d70040a58a158e217e522614113af6be1196d6a467768a4,4ab67a5a11b53f8be600fd44d50bf3ac00a8ee63173fb3705905288ce6da7661,Let the cat become angry.
150,229415,1,train,99c7e7fab1068700910228213a29d8cb0a81e9cb6de5af7513ac4eeeac19c249,e2920dcd5d840b9f2378550a37b5e01a88a803485101333487dabbd8f0182ae4,Remove the pilots.
151,472364,1,test,42db57932a52383c3c5071384d1319c0a6066efc384566e61fc7167b2ab7db6e,586a80c5cb9f06a8891df38111c1fab6fee76a374fe001266e0fa16a28286e5f,make the tv bigger.
152,472364,2,test,42db57932a52383c3c5071384d1319c0a6066efc384566e61fc7167b2ab7db6e,9b02408a64170c32750e0062866be0f44bd5020361089ef16647bd5d20ad08a9,move the plant
153,472364,3,test,42db57932a52383c3c5071384d1319c0a6066efc384566e61fc7167b2ab7db6e,021e14f2fb0d82764007df232b400f0715d87d059307b4bc676e13f9aa0310df,change the hair to red
154,109190,1,train,527213a5c8bab32dde0b73f54fb2fce0fed827c18799de229bbbeb13d80d0f23,5adb7ec9a8722cd944a34fb076ce6ca427a98888c59d9720965dbf04b49bc8c9,give this man a Mohawk
155,109190,2,train,527213a5c8bab32dde0b73f54fb2fce0fed827c18799de229bbbeb13d80d0f23,d81c11f386c7f2e426067996bd00d631acf79199974b2194282560198486d226,give him a long beard
156,109190,3,train,527213a5c8bab32dde0b73f54fb2fce0fed827c18799de229bbbeb13d80d0f23,66f24d90fc479ca3ba93b3b5b058a36087be128667a91c22f57bef838ac254e0,give him sunglasses
157,98325,1,test,5f8237e5bf7d615db0e043d7df2ae3d05f8f68ac404d1fbf6f7e09de48ab1a75,b681be4c7ba7647331bbe0b422a9409eeb2dc3ab369b8e4c2522680451e9a117,Change the pillows to be purple
158,520701,1,train,6e55651ebdf26b28d7a29281d2ff1ecf0eabc5a8fbf417c81c0f6b2afa06b64b,afcfc0742ea284a0858dc2424e89c9c1b2f5673c3dd8b8245af3615605d566c3,Have the man be wearing a white tank top
159,520701,2,train,6e55651ebdf26b28d7a29281d2ff1ecf0eabc5a8fbf417c81c0f6b2afa06b64b,1754ff8144b2e1732a1053d9c9c6235507e7553f9aee3825a50c07081e9724d1,Change the curtains to be red
160,520701,3,train,6e55651ebdf26b28d7a29281d2ff1ecf0eabc5a8fbf417c81c0f6b2afa06b64b,62c13efa258187a3209d7f17376c038cc64d1307026031fc3e8b22e078874ff3,Have the man be wearing a baseball cap
161,85160,1,test,bcb7aab93130b6e3e46fbd2d3b8c59cff6e2d9539805aa5e741bf8676aae9656,10455172fc5434626242e00841834d3e93a03c57c3d48cd36f59f777d9f2f475,let the man have spike hair
162,85160,2,test,bcb7aab93130b6e3e46fbd2d3b8c59cff6e2d9539805aa5e741bf8676aae9656,229b17263374c52d3801e4a00fdc8ec61def1208e443925f177ce36e4c252ae6,make the man cry
163,85160,3,test,bcb7aab93130b6e3e46fbd2d3b8c59cff6e2d9539805aa5e741bf8676aae9656,12e733e36f24be1477b7b67a957aa59295973b10ec97ec466d0806ec6b249c86,let the man wear a suit and tie
164,124157,1,val,b57e5707d512d0489a56c8988791576c0d78089e2c676b132e7009f3ced81661,ec1484e71134d403fa19b5b2ddae936342b4236f0ed62f05b50a37c1b83cf094,Remove the tin pans.
165,82041,1,train,c614ee404547fd7ccc7068dabb17084e0f86baf1fe04b0a88ff38845cb17ef8e,8bec99149a380485a3792f90ad1d3c9532362ec58c70d0326e41d08606031f4c,swap the egg for a rabbit
166,82041,2,train,c614ee404547fd7ccc7068dabb17084e0f86baf1fe04b0a88ff38845cb17ef8e,5d2f9cd591f97d7d04aba90961aca0136bdeb1cecdbe82626ac1bc8c44d00c32,change the carrots for a bear
167,82041,3,train,c614ee404547fd7ccc7068dabb17084e0f86baf1fe04b0a88ff38845cb17ef8e,7d5426ace3959744ddb0ce354ea0703161acc0f43a1a383ab527ab34a71c636d,replace the banana with a cat
168,15839,1,train,865a423e66a85b9cb938ac763b7ad44e6d98eca07bd1616f23f3faa231b797d8,2facdfa8ce796568fd32b23196b79b3d434ad8b300383c605a764f860cd2a3d9,Let the cabinet door be closed.
169,514055,1,train,780f35a584a970936adf9017d5dd01b8bfa57e711d66a00d337761c2db8973ba,76a893ccec8944fda85d6b6d97e0ad8734497d21012f60c1d812d722fc6bdcfa,turn the stop sign into a monster sign
170,514055,2,train,780f35a584a970936adf9017d5dd01b8bfa57e711d66a00d337761c2db8973ba,4c5fe3d92889915b41efd68c4e72aedae24ce90d36479cfaaa87d441a3a6c29f,erase the mountain and add a monster
171,357424,1,train,26cd40393f8b84929a8f075c59fd663bd7ce08b9e2e381aefbda3011aa8d7f5e,144732a52f5660911626b2cb37df7ba1aeff5d6cc1542d8d78b70a2c936c938a,change the bigger bear into a brown grizzly bear
172,357424,2,train,26cd40393f8b84929a8f075c59fd663bd7ce08b9e2e381aefbda3011aa8d7f5e,0bf462507e6a85b838b551e81c4cf3a803c5d7999691f2589fac3b4cc72993bb,let the smaller teddy bear frown
173,357424,3,train,26cd40393f8b84929a8f075c59fd663bd7ce08b9e2e381aefbda3011aa8d7f5e,e4e538b74170ad0544eb06c2e0139debeeba0a234f7b3b1653f9a958075b8352,let the bears sit on a leather couch
174,161386,1,test,1bc43f51d5d7a55c99aaeda8f7ed04a0759922a2f7c9eb6172b2c95a6ce8fc66,c7481d3fdb2be139e50c46e0bf47185c66eeeab5f67ba9649738fc6bebc3f932,Put a large monitor on the center of the desk.
175,104326,1,train,ae359c5f167a9785ab15c23ae37a8e35e5759e47156b85cb39af73ad26d77187,d33a79368e77fd1bc84b322621c39f811f3fc88e99992b83808ffb1debf6787c,Let's add a man in the kitchen.
176,65905,1,train,1edcd9a528b0fbf8b31f4052ec57edc19dde9709fff8c6a0f5df086dbe782087,b0d79000c2c85face7169c05f158c452de9c293fed8a64ec8442b36f7b9444b7,let the asparagus be replaced with sausages
177,65905,2,train,1edcd9a528b0fbf8b31f4052ec57edc19dde9709fff8c6a0f5df086dbe782087,cb620a37b3e05cde2dc6a2d85d4ea504847f1ad8ebc33362ed4e3c83fae8172d,let there be a cup of yogurt
178,65905,3,train,1edcd9a528b0fbf8b31f4052ec57edc19dde9709fff8c6a0f5df086dbe782087,3f992a027f29dcb5c16f5686f3fffbd54884b09ae02332b5768463dcb5db9bfb,let the table have a checkered table cloth
179,334328,1,val,a60286a1db37d15074a853a453d6383e86fd1233e2e3b09ed95d12523b058b61,109b39c89d38e8903df8595c590889d38db74bf29220487b877990ed55c5df39,Spill milk onto the floor.
180,294080,1,val,65154b5677748ffaa65bc091c7a21ee0566d3f10df4ccdf3fd69640b4a481492,9d058abcb6300c7c8f7224a038ea77f1364ed6da4a1a84e84c808b5553d40a44,Change the carrots to cucumbers
181,294080,2,val,65154b5677748ffaa65bc091c7a21ee0566d3f10df4ccdf3fd69640b4a481492,1e42514edcb91323c4a3de58d532dbdd6c915065f47824fbafc223ada1efa105,Change the color of the broth to yellow
182,540097,1,val,2ae5cce7a6b40d3f282b430f0b60d2d4cf73988f1d3e4ff0d8838ee0556b3274,f072fd9043250f225c8f7aef760a2db78b56f31876a73cb623dee830a9955ebc,remove things on the table
183,540097,2,val,2ae5cce7a6b40d3f282b430f0b60d2d4cf73988f1d3e4ff0d8838ee0556b3274,67ca104067f23358ea10c9b1e45e0b24066a0cf7bde1bf632d5f9ddb9586309b,let the lights be yellow
184,540097,3,val,2ae5cce7a6b40d3f282b430f0b60d2d4cf73988f1d3e4ff0d8838ee0556b3274,c044a143c23180a959d2b3dee9f68d11b50b62c77cc3b47a2e1c68ad4fc1ad8b,let the chairs be red
185,123035,1,val,9da1aa76d670bb7b4b3fe52531784ddab299a1714645800cc7eb0e90f01ced99,27924d9400e4929ea6376b668fbd1aaecf906fc4ffd906b6a695706f8f010d6a,Make them both cooked.
186,123035,2,val,9da1aa76d670bb7b4b3fe52531784ddab299a1714645800cc7eb0e90f01ced99,43430d4057e8947235e310006d73baa6eb361be3d682f1ddaed6169ef2916778,Get rid of the toppings on the top pizza.
187,123035,3,val,9da1aa76d670bb7b4b3fe52531784ddab299a1714645800cc7eb0e90f01ced99,4071db7cba54c58f10a3de04749becf5111d9ed76a7d6a6ab0c70c7f49cb05ca,Add a pizza cutter.
188,442231,1,test,6d20738ab8b7ffd300cf4b2b3787449f1cb94259dfbfc058109cc7f44d674947,44e65527457778b24c736a41d3d22e558e06da3fb11b6caee73cbd47151d1dba,make the man bite into the pizza
189,442231,2,test,6d20738ab8b7ffd300cf4b2b3787449f1cb94259dfbfc058109cc7f44d674947,ee354b7a4b74fa590ef7aeb73709d7de8c0dc41dc35b4ef18244e81b368be301,let the guy have braided hair
190,442231,3,test,6d20738ab8b7ffd300cf4b2b3787449f1cb94259dfbfc058109cc7f44d674947,566b069866a753ce78b1e05677b7f4750b1a955821f6918c081c935451900278,let the man hold the pizza with both hands
191,190052,1,train,5a50b9a2d14a96bfabcec714a95278c814f4dcee76c49a5ee0603abd6e15ad02,a15c4154c8e618e73ee729d4a10c96d85a2473769b6da3aaf8f5820fb71de00e,let the glass vase be turned into a pot
192,190052,2,train,5a50b9a2d14a96bfabcec714a95278c814f4dcee76c49a5ee0603abd6e15ad02,ad6011012744244e77ad1431308368d82988cf29d73eb163ced016bf7b0121a7,remove the chairs
193,149406,1,val,6acb2953f309d302aca6fe3c37b624ce932e5eb204341f6f93d0392d05e1ad72,09eda7f26e88a92889c650d9082c966640c0b24eaf51fc9eccd16df5171c6586,Replace the old motorcycle with an old bicycle.
194,149406,2,val,6acb2953f309d302aca6fe3c37b624ce932e5eb204341f6f93d0392d05e1ad72,d21c0689b41dcac3049bbd1240d932e476b686c874fd5bd6a320b5ed3df8d984,Place a skateboard next to the bicycle.
195,149406,3,val,6acb2953f309d302aca6fe3c37b624ce932e5eb204341f6f93d0392d05e1ad72,c227ae85ccda4cec024313c0efad63ed56c0d58d8a3e7a75df8fcfb2fc91ffa0,There should be a poster of a panda on the windows.
196,394900,1,train,d82f8eea92d7a776f5ad5bf89402707224f20c1024d57d3cdadea83d0ee7b19b,2543dff391a7d1a7c1845709f7b7197f7f77689472334f73a01a4b4eba99d572,Let the middle back Teddy bear wear a short dress.
197,189648,1,train,9b986c3ddc47b41ed172e8c1f0927ef516b1e419a8d1df0246cc2411312d232c,3ac51e7c20a3e63c0a638b159682d322df4e372c9c5038194350cf86b54ffdd6,Change the bowl of soup to a bowl of white rice
198,230739,1,train,cb75b756f5f5d03e5673fae35edf64ec5cebfce9f3993ca7b7385c0eda25846a,dc0f975975cc63f24a299a9c5ea84e3629ebf1969abae06619637f3fd6b4162b,let there be a rain forest instead of a city
199,484847,1,train,451dee347d3439131ee4cbe6a8d21778ae810c2e489b164986ac469a211e0ff3,66a5c493c026861bc6d101083f28a8b427f940289bcfbdd6a7880bdf8ef4cb39,put a laptop on the table
200,484847,2,train,451dee347d3439131ee4cbe6a8d21778ae810c2e489b164986ac469a211e0ff3,56696e60a187a5f3ee81c3a6ce7786e288444456bc57b9a8a18d287d3e392697,put throw pillows on the couch
201,168533,1,train,6f39c1233553bdff46b7fe484d1341854aa41b37c302c73d10aedab39b5aa570,8e233a95f5e62ad11740d5b361c35b13d463bfabfca994d245a8cf039b30b664,let there be chinese lanterns
202,168533,2,train,6f39c1233553bdff46b7fe484d1341854aa41b37c302c73d10aedab39b5aa570,526296a6c032dd0904fc442a880c5eda62d0b8c5370a529b48cb233d8afa58cb,let there be a US flag on the post
203,168533,3,train,6f39c1233553bdff46b7fe484d1341854aa41b37c302c73d10aedab39b5aa570,d3a66bdbf3f1f5bb2c3de903b9c0d6216204575ddb4977e70f94b888a75b2536,let there be a flying rocket
204,560178,1,train,9d60f696ae3d4af21d8cbeb60e4dd743484d1d886553e2cf1fa7b6b5724321fa,9057c6e0b01c4ca0d8c0a34a2c43ee533647dbed66eaf44ca31028292ae60e8f,Make the radish a carrot.
205,442009,1,val,2b8dcd8f287a68eeadfe63972d5f9e3081759792ece637bd8e8452d26067631a,0b885663874d1deaa60997444fe36e739afa3685a0a33ea1cd48a3246b4e881e,let the bathtub be red
206,442009,2,val,2b8dcd8f287a68eeadfe63972d5f9e3081759792ece637bd8e8452d26067631a,41cbee160c137c8b9d68ebc628ff016be8b5a8887a49efe9053825e8928ae18d,change the ocean to a park
207,442009,3,val,2b8dcd8f287a68eeadfe63972d5f9e3081759792ece637bd8e8452d26067631a,f87b1fae850d404389776a7325c2c49709c920209804e06114900a17be702ef6,add a duck
208,519112,1,train,fb836f2ddcb602088644ba219ecf499672b77646ae657429bdcd4c15b96231ea,39ed61090d1ba335d34be526d3c3303d56296654dceaf7178f1a030033599485,let the piece of food be a fish
209,519112,2,train,fb836f2ddcb602088644ba219ecf499672b77646ae657429bdcd4c15b96231ea,6f11510c47ef8459984c0d46bbd591249f00180097d8164640caa895d9861320,add a flower pot
210,519112,3,train,fb836f2ddcb602088644ba219ecf499672b77646ae657429bdcd4c15b96231ea,586bb40cfb85b3105611ed2155338ff880981cfa62c338423ea099f2813aa9a6,let the bear wear a hat
211,395426,1,val,61852305eeed94eddf104f64170f83daddf73204622c179ff823f05e672b301d,d1b1bab991c0eda8ba0808f0829547cd50549cc877de7edd45249e26c765f4cb,let a man be angry and shout
212,395426,2,val,61852305eeed94eddf104f64170f83daddf73204622c179ff823f05e672b301d,112dcf6b8f19622805d5b1d86f19e7af0a4fad2b0b935de9cc439d18991a818f,replace the couch with bar stools
213,395426,3,val,61852305eeed94eddf104f64170f83daddf73204622c179ff823f05e672b301d,5702f37e0d8e6f74c31294319d04d883ae7655863aa14abe5ff3c381906155a8,let there be a still life painting
214,450584,1,train,77f9b4d4eaf440535702b3a757c8f776671ef69b3be90913fde31241de73eafc,15687d4ee6c5b4d060b6c4098fb229cd0d0a27d0328769c288d37c029c2ed1ce,change the flowers to red color
215,450584,2,train,77f9b4d4eaf440535702b3a757c8f776671ef69b3be90913fde31241de73eafc,5f364451ba14063f2940be6b68777d19f1be649d0c279c90fe86d91ee1b0aa5d,add a phone next to the beaker
216,270722,1,val,cb746c034f4b062f75658130da00aad9d28eb8e914d0e135b046dad005a5e036,74aef4c508021f48c045fa87781bf61ce07d777c6fd638d1093ac0a35a5958ad,make a cub race with the bear down a street
217,270722,2,val,cb746c034f4b062f75658130da00aad9d28eb8e914d0e135b046dad005a5e036,3164034ed4cce6b56e9b98a695276fd53c46668ab2bcc4dce752c402a4fa8846,make a boy sit on the bear
218,270722,3,val,cb746c034f4b062f75658130da00aad9d28eb8e914d0e135b046dad005a5e036,c0dbbe528b9803d9af5813a40d3803b519502b755179d345b3524be4e4d39d2e,let a bird chase the bear
219,273420,1,train,d136e4ce705326c0f1aca04fddccfac2d52921a946c6f25d2b661b1ec32f9ece,fd145c22baf5c4f86c2fe852044ac3030c37bd6fbf42d3225908d70e12b3e26b,Remove the person.
220,279710,1,val,dc2ae35f4887fe18f772d0252cdc893e09406bf49700597e52b1a51478d2c516,fccdf357040251f15a2577c04e89eef5b06cbbb9f87985fc40e7f2df84705649,change the skateboard into a stilt
221,279710,2,val,dc2ae35f4887fe18f772d0252cdc893e09406bf49700597e52b1a51478d2c516,c5f0c6a96024ee4c088fb20765b4f02478cdc9222049dd3db9098c0257135f42,let the man be bald
222,44017,1,test,c14da6e23844788e96512fbe898b5b57afd3a133f4493c3cf064e3f702b66fd6,ab261561b3665adf04fa2b51350f83192a84bb8387bdf1bf45e358b21636b627,let there be fireworks in the sky
223,44017,2,test,c14da6e23844788e96512fbe898b5b57afd3a133f4493c3cf064e3f702b66fd6,b03f5d972f35ac09ec7c6ad2d9bbc04af77c73bdfe65c4f5d3577ba5eafa3a34,remove the neon lights
224,253177,1,train,d5bd2d2d6969ed66759acba4151581e61b62a19727d813820eccbcad002efd44,0dc1516d64fc92a6a180bc6c1c3949d69df9c506720c2df8dd09762e4e27bdab,let the time on the clock show six o' clock
225,253177,2,train,d5bd2d2d6969ed66759acba4151581e61b62a19727d813820eccbcad002efd44,dfa3432ebb8f6e6fac41311dee5c54ba22026df1bc65059b530dccdc7663beee,change the horse painting into a giraffe painting
226,253177,3,train,d5bd2d2d6969ed66759acba4151581e61b62a19727d813820eccbcad002efd44,d6b9b303e8c1eab0414c866e25a109093a88b6949cdd63bfaafa7d3b602c76ee,let the wall have a geometric wallpaper
227,342377,1,train,f5a36917d2b3541bc484d1ff2c59d917bacbdd74e0c957dfd89cefa465330f74,68f20238e597c87155c07bbee1a31b7ab5adbb0e5a031408f404a521dc8d10b2,Put some fish on the table.
228,342377,2,train,f5a36917d2b3541bc484d1ff2c59d917bacbdd74e0c957dfd89cefa465330f74,0500fdc0d6e084d90ceaae70e043a1841f1f579b223adba8cb940fa7b2a4b9f5,Can we put everything into a fish market?
229,418944,1,train,eb59e0f0dd5d8551c18d75df28f02d1d26e47a04233bb8a059a96f3aa6a9f1e6,898c2cc1663026fb98ebe1f24ba328aee6fde60f20eaa16cd85cc34f6f73e9aa,what if the girl has glasses?
230,24591,1,train,5dd1fab50e8a6e4c5bb0c35479f0cfc73b6913de2c81e31def48bb04718f270f,9ff432c476ce65325f0043c22869bc4d37af4fabd35b303a169caffe1d47a35d,What if there is a child by the man's side.
231,131099,1,train,65bf8d474860b12efc3fd47eac5c4f31980a494e60968515e89e985063aa8115,8756ff13d4a6b9889335885d13c485dcb55916ec40839c5d47f70d35ed62f7b3,Let the wooden bench be changed to a metal one.
232,530457,1,test,9a268f65ee207fbad2f17f0cc9af878cf9950cf9eef22db3d62eb12dcb5120e6,c4133c3d8eb5a765338295d1b6d90c43bb983c64c558422bc983e3a6d0bbbb94,Change the tulips to roses.
233,530457,2,test,9a268f65ee207fbad2f17f0cc9af878cf9950cf9eef22db3d62eb12dcb5120e6,80b2cbac72f453e126cd3b696283ae2784e6154a6b8ad9344757187ac0548a7e,Make the vase sit on a marble table top.
234,530457,3,test,9a268f65ee207fbad2f17f0cc9af878cf9950cf9eef22db3d62eb12dcb5120e6,e779a3c253efb578593adde5d8fffcc5d5561e34ee582d90aaec11ce551d6fb0,Make a card beside the vase.
235,443741,1,train,3e5af8e2e74cc069887f61b8d59f2bf46f191896c8ce7d91a7d83a95a208f037,5aba476c6e18516444da2ba5836f7b77e20df64806de48837ba31427cd35dc3a,put a mask on the man
236,443741,2,train,3e5af8e2e74cc069887f61b8d59f2bf46f191896c8ce7d91a7d83a95a208f037,163e957da43c3dcf099fc38e8fc9cc045e8599d8f4bf5ba5522204e33760fbbe,make the woman's hair blue
237,417164,1,train,65ba08c0643f23a43157d743d532e54451e19269d5fa1ee8e2a0e2b44fbcb319,84dc465f4e5f4db67888f410df4d8bceca05e0394d2ecb95dd4b152052dc6de7,remove the parking meter and put a penguin with skiis in the photo
238,435576,1,train,ab191e87c5a0dfaf9b7ceb7eeaa81d2a9fdd70f4f5a981136b5a80e680ca5b58,d4a21412884b6b4364307f059b91bac0fbc9f6ccf84610a96ca6281d3d376396,Give the man a beard.
239,435576,2,train,ab191e87c5a0dfaf9b7ceb7eeaa81d2a9fdd70f4f5a981136b5a80e680ca5b58,dabbadfb0428f5019df36b6e44c4178f5f91d5906a7e25a1148388e5a6913b60,The table should be full of pots and pans.
240,511420,1,train,8908c28bb9c699c6a0752ae122a483e5ec03b0c41205c99ae5f5760a70e653d2,281c31c0e3da122951d3e5c1053ed4fb7c6bb1227821fc5a5a7a85937068dc5e,let a woman sit inside the train
241,511420,2,train,8908c28bb9c699c6a0752ae122a483e5ec03b0c41205c99ae5f5760a70e653d2,3010aa494c760ed979e243b29cce87387620cc1d823ba1e6d8ba048a416e12db,let there be people waiting with bags at the station
242,511420,3,train,8908c28bb9c699c6a0752ae122a483e5ec03b0c41205c99ae5f5760a70e653d2,febc8ea847e88e0aea8d43d5171a0dcc3283dafd522b4f2626cde5d1c7af4dbd,let the train have glass doors
243,349918,1,train,df62ba43a4248e591d1a757725c08c9cf12316c9da03a03cfb3aaab2e7589195,d5b3c58ffc58be9e28bc3c1fc6c7aa05bf49f2e79dd207038e4928f7d14299cb,Let the chair be yellow.
244,364102,1,train,7a0368f180f2c22e58091c44e3376b73dda89f10f61208633b7c1e81899f997b,a7146f72216c4eef124a14fa82c68d8eec972e50563b53a1d221b8b41e615821,Replace the frisbee with a ball.
245,364102,2,train,7a0368f180f2c22e58091c44e3376b73dda89f10f61208633b7c1e81899f997b,a80253626213de9f405c45d6dd9252c3f18da34611df5578c6dcc07dce3392d6,Replace the grass with asphalt.
246,557084,1,train,7c222d98e482b90f1ff6ea74a7905e5b0f8ed3d19bb9353cb91ca2b1db278dd5,db24e9be253b8e54bad3dd976c4089a0b240dd6554268b435634f6b84ed8810b,What if the woman on the side of the bus was holding a baby?
247,419297,1,train,5d35ea939cadcdc5cfb18f219c2c12a43c2f620805f887991f8aa79bd4e655a4,dda1ac2b2e32ed37f49de3b086abd3a2c500ec30d3f16fbd4f1d739c11a02bfc,let the man wear a tuxedo
248,398172,1,train,5f0ecfd4c5fe7773b53bdff043cd268db0c007e3764774fa35b482d4f9bf667c,b98514d3d37aa63d1633e0dfb815ef23e6f4f9fcd3e3965609cb986f0ceb6efe,Let the elephant spray water with its trunk.
249,73757,1,train,7840b4316a40678bef1353fc55773421d7d305059c639a41e8256ca4cd934084,2c3f0d92f7f59b0b4d219219b41cf43d5e1d2eb4ae980406c72e18ebe5ac49b2,Get rid of the wine glass
250,73757,2,train,7840b4316a40678bef1353fc55773421d7d305059c639a41e8256ca4cd934084,a0191520e2b951d4d450c9c83647702a74e80d4e19fec29d3e2caf389d348675,turn the flowers into candles
251,73757,3,train,7840b4316a40678bef1353fc55773421d7d305059c639a41e8256ca4cd934084,45cc52ada2fbd1cc1961b3e956fe4501ef15cbdb8acfe0af1d4cf91647f37ddb,add fireworks
252,545734,1,test,d0dc500a415cecdd7986a868db5af945342b7d5314e9a49d26a80ffbd7ab0b8c,7086b0d39cddeeea8f17db57fc1954e91d3fbc8c89e9c232467ea8ad3e047601,Have there be a painting of a flower on the wall
253,545734,2,test,d0dc500a415cecdd7986a868db5af945342b7d5314e9a49d26a80ffbd7ab0b8c,d15b14e353919468d8dc74b4d46ea373bb75dab2fdf58a98239dff133a9cbfdb,Have there be a bee in the flower painting
254,545734,3,test,d0dc500a415cecdd7986a868db5af945342b7d5314e9a49d26a80ffbd7ab0b8c,bb042fd63a99b19918af6418f84e0642d579c3ff3d597aefb13b2ebf393464f6,Have there be a loaf of bread next to the toaster
255,339245,1,train,ea726d3fd8c358840ef20957cb941e1ca112e5925937cf87f530cb805f9c4923,6da4db361afb0115dc278ab98d3aa068256645c107717c7a36095a34fa424254,Replace the catcher's mitt with a boxing glove.
256,10766,1,val,6adf701efbdf199321f4b230554c2af1769cdca8f483d5bffd8aa5d49b2fd56a,c98cd8bb31db14e88ad8ee2a6bb667e6a4bebcf7edcb3c61d33865e814cbc334,What if she had a sad face?
257,10766,2,val,6adf701efbdf199321f4b230554c2af1769cdca8f483d5bffd8aa5d49b2fd56a,baaf1c9cf2a4dcf15d8dd2f98e2dcb64a5e4af6bf8acfb8b19d7f5d8cf2c7d72,What if the child was blonde?
258,8211,1,train,4943f236a43f7ed986406b93265c3aa0269bfbbb5d84ac409eabff64f973fd58,8bbb0328002da222613b75e6da26ea99da539ce6ea310b75256bf6fe3c0df98f,Add a dog.
259,8211,2,train,4943f236a43f7ed986406b93265c3aa0269bfbbb5d84ac409eabff64f973fd58,9a519c013f41d63f7a2886a837845edcf386486034c9174d7ebd82eb7594b822,Put a pothole in the street.
260,424470,1,test,e810ae29fce55fdb3dd78a2b0f80f6d01a8ac8e6f0c46c7b7e4494c4fb2c8bd8,6215f7bd1cea5b8b82d36e5f203459bceebb90ec613373f6933e1cc7cadcadbc,Let a man sit on the chair.
261,344138,1,train,1fd4adb9d36ca92b16137a351b19d3b8a56a6fdfb8be686670c88f0f97b5c3ec,f7190b175716c724f3634b12db98c9d2fcc0ea51307c648eb9a42d48275a5158,Make the sandwich whole.
262,344138,2,train,1fd4adb9d36ca92b16137a351b19d3b8a56a6fdfb8be686670c88f0f97b5c3ec,0b8462b7eefca27f0404a1863431d95e76a681f66ffabe94638dea2c7cc7fa83,Turn the chips into fries.
263,344138,3,train,1fd4adb9d36ca92b16137a351b19d3b8a56a6fdfb8be686670c88f0f97b5c3ec,d4a6823ec0214ac92daaf032e65d40987a5c1637f259951f8f027fefdc6354dd,Add some sauce to the plate.
264,247519,1,val,2ae8668f544ef54d8456d98f2dc1874beef61aef2845fe30d2b630331ebf71f1,b5ae48466165039978e0415a351480f4fc0a05e3793e6176e9037777652dcdc5,Let the man sip the drink.
265,465327,1,train,c5781a5a61339bb7bd2b32a686fe9c961951b8e2ef8d518b882b6b25288d8077,265828a3fd10f2cf3d5f9d017bab74b11ee5c7e3a0d3f4b8e852fdb4310fb8f0,Remove the jars.
266,465327,2,train,c5781a5a61339bb7bd2b32a686fe9c961951b8e2ef8d518b882b6b25288d8077,471cfe2e1cdd9af0fd1b40d88445727bc6c007e088143ebf735400d3079582be,Place a plate with a burger on the counter.
267,195991,1,train,d6af32e71edb8ccb062d815f1398504753e53a4973665a53b9bb04a3cf443101,2fff1d28823bbc9835b51fb8645ed48f447326ee015a122ecc78e4d5ddb13ffb,A hot air balloon should also be floating.
268,195991,2,train,d6af32e71edb8ccb062d815f1398504753e53a4973665a53b9bb04a3cf443101,6e4d81a85a9bac9d2399fdfd276fd2f59eb0cf972f527e4c61bea5fc41d6c534,An airplane should also be flying.
269,139258,1,val,9129926b89fdbedeecf538fa54c91a17f10c2c8c0aba5fd01952c1dce348b816,7cc51892f12468eef3a7f557c163d693025d039c33b760592d96158220c10fcd,let the bag be red
270,139258,2,val,9129926b89fdbedeecf538fa54c91a17f10c2c8c0aba5fd01952c1dce348b816,0a842f05977707881a6586556b50552cf142f573a16ffbaa0e8a950c07d9e111,let the doors be red
271,139258,3,val,9129926b89fdbedeecf538fa54c91a17f10c2c8c0aba5fd01952c1dce348b816,639ec0263e735b144e5044a87948a61f61b981e33c35f6daf1eb86fa4d328381,add a calendar on the wall
272,112011,1,train,b72f4804aa4cdfc678dd72d10de91247249c65433529fe4125ce4fd9e42ea5e0,940180fbfb3b508ee4f75904f8a101aadf56cb302534fa27bd2d2a8845dbd4b3,let the cat show his teeth
273,112011,2,train,b72f4804aa4cdfc678dd72d10de91247249c65433529fe4125ce4fd9e42ea5e0,a285a12a687c9561a1edb3e9030903f36862db696cd492de8d1918e7416c1800,make the cat look to the side
274,112011,3,train,b72f4804aa4cdfc678dd72d10de91247249c65433529fe4125ce4fd9e42ea5e0,da8770be3c480dd15b4267a6e1c643e9d7c91fbeff0a67fc0183bf44b304e557,make the cat stand
275,15197,1,test,be02c7065698236c7036a73c1af35ffad2565ffd7eb386df34304d7fdf4f145b,6964574368337d847983fb11e291038857959610cdc84402b4b25c795ad574d0,Have the laptop be showing a picture of a dragon
276,338078,1,test,0c9bf78b205725b03563a5b14a5cb37e0b2be62b04aaadddc2bb7681b3bb30ff,5c7f34f5319c2d47e361891e0edea87c2e3032b7a7cc21c970872a9771489800,Have there be a gorilla crossing the road
277,338078,2,test,0c9bf78b205725b03563a5b14a5cb37e0b2be62b04aaadddc2bb7681b3bb30ff,9b497b5b00bdd05966d646e36412ff49a63da677037c0853a45f24a0042ad17f,Have the sky be full of lightning
278,338078,3,test,0c9bf78b205725b03563a5b14a5cb37e0b2be62b04aaadddc2bb7681b3bb30ff,bdeea7bcbf948e92dc9b0dac37e28712a9de88f5896c5893c55aca79aff896c3,Have the gorilla be playing a guitar
279,381257,1,test,9c143f195f47d229f3aff55f8f8b859bf7837ddb5b2409b89ad8992bcbcc7e96,6f90ed2ed9d28b084984e45a88a7b59dfa47dfeec498e38d8cb9c878dab3bc84,let the drawing pad have a colorful sketch
280,381257,2,test,9c143f195f47d229f3aff55f8f8b859bf7837ddb5b2409b89ad8992bcbcc7e96,c93f390c5368882d6e7431b935a5805291430109c7937a536321f8e215c8a8a2,let the keyboard have backlit keys
281,381257,3,test,9c143f195f47d229f3aff55f8f8b859bf7837ddb5b2409b89ad8992bcbcc7e96,0cbd4fc09af03940e4ef22677a7f07ef9ba4c5e03b61f1dd0b2f032b8dd9e484,let the bowl have beef stew
282,88412,1,train,6e34ef37fe098c59f589dea87f3bce694974ef13a992430e4716e7161706ff01,60380fad6025750161be56c5cc6ec4456ef9687f53138f8fcf27848efcda6422,Let the jersey number be changed to 5.
283,21217,1,train,1784aca16139db00cb62a9775c241e38d88492534e8075c736ace1ccfda622e6,6c2f99863f2b78e95d75afcacaff8f8d6e3afdf94d746a9f09bd5bd0a46de172,put cereal in bowl instead of the applesauce
284,21217,2,train,1784aca16139db00cb62a9775c241e38d88492534e8075c736ace1ccfda622e6,98ad545a83b5357af1b0a84ca7bfda4db168728e23da14eb3f340677972522e7,change one of the apples for an corn cob
285,352276,1,train,31a8982bd2a27dd620eca799355d81b62bad2085fa8f42e76910fa5dabc0ffbc,f3ede4aee3a815766a7998c455271b86a323972d249b21008fbdd4de9550a0cc,have the cow eat from a pile of carrots.
286,352276,2,train,31a8982bd2a27dd620eca799355d81b62bad2085fa8f42e76910fa5dabc0ffbc,7f2ac78be9ae8de1badc149f9181ea969d05d5d02ba77cc20c7442b628a311a6,have a duck swim in the tub of water
287,37009,1,train,2991d7b628bd6de4bb55e0a68c4215a219a3b77c4b80998715c99310f4b61834,938303f7e3f07f056a73fcd0affce64194341ca68a59ca275867a3b7a3e487ed,let the person wear a skirt
288,533807,1,train,19fa7f82a623fa811b5f5f7f91be76cd04f7c453250faa3ff915c72b0f4428d7,7c7f32719fb7780c7f3a7a407d7761f9d74715556e0648b0638ca559dd9511eb,swap the birds for rats
289,533807,2,train,19fa7f82a623fa811b5f5f7f91be76cd04f7c453250faa3ff915c72b0f4428d7,59a65f8d59e213d02538ac0d589e8f66c48fe05379dcfbc4464e0ef9990719a7,remove the cars in the back
290,453050,1,train,e657f25c98e5cf4b778f10b8991f70dd8b9d4639d5e245309c5d18ded58586e3,b7a9f93dbad4b125098fa04a860ad0bfc777fd9df1dff462412560be15bde8ba,Let's add a table in the room.
291,453050,2,train,e657f25c98e5cf4b778f10b8991f70dd8b9d4639d5e245309c5d18ded58586e3,c289ee76942fbd9ea3daddfb50a5fdc1ac3c017d113022d635ca47f688f3c56f,Let's add a snake on the floor.
292,411941,1,train,19b94410642fa4f4a0739dd652b94371f23da081da3ab0f4dff56532287e1ce9,34d63fd29bffd7f6c1fb7675c074b9453f622a9bb8e56b297d91cb7e2bc97cff,Let the trash can be filled with trash.
293,374977,1,train,fe3e47c9457e52de7bebb723fbfcfd7ee0ef7f7228733ee452b7c42f35857523,af0b69957dc6a635af0a37d68e073ad313bb36566b7fc2967e57f05da2d0b08c,erase the cat and edit a boat in it's place
294,96854,1,train,a08dbd893ed457960855b060e4157b5888aad45d8e13ffa85021311fcd15e104,ef5c9ee51c9eaae5887af7ba62e083c0538f0f0d871dc561c7b9a0faeca6f1ba,put burgers instead of hot dogs
295,96854,2,train,a08dbd893ed457960855b060e4157b5888aad45d8e13ffa85021311fcd15e104,4b4fdd6ff68c40d773c06db450d1ca2cf6a1fcb9750713c96c98b255ab7b3fee,remove the onions from the bowl and put french fries in place
296,132654,1,train,50172d3145e92697f11e6611a9ca1550a5fc40063025b3adb61424e3423d482b,a3913d626e10eb03fa300bee1cef1c9d8e33323b2326e17a88dfb17dc9fc794c,the bowl needs to be full of meat.
297,132654,2,train,50172d3145e92697f11e6611a9ca1550a5fc40063025b3adb61424e3423d482b,0466fcdc3175e2e4e479e3b36f73b1f6abd92d8ee08d09352effda6734e50705,the bowl should be red.
298,132654,3,train,50172d3145e92697f11e6611a9ca1550a5fc40063025b3adb61424e3423d482b,5b6ce103015e0877ca4f6f9494e256618b33c95bddd4138b6bf632907a86a75a,Can we have a sofa next to the cat?
299,213021,1,train,ed13aa88ff30c548b5f29dc8929cde0ad4a7eeb1146726e6ef6ed964ed9b6dfe,62cda9f7832d7d83f6ccbd46c836f78ecaf2edeaeb13f886d9167c03c6cf732f,What if the there is a dog on the bed?
300,456569,1,train,6976516c7a32101a1b520f82b5dbb8a65f94815469f11c426253517c24f5ef0e,a99450171c35e5800abb0ee4ea4e63e7f14414831ea578a8be509045d60f1013,let the giraffes eat ripe yellow leaves
301,456569,2,train,6976516c7a32101a1b520f82b5dbb8a65f94815469f11c426253517c24f5ef0e,dbcc7ddba98e4afe2191788a549e74a24472b2388632df90a79c23587fd83fcf,let a lion sleep near the giraffes
302,456569,3,train,6976516c7a32101a1b520f82b5dbb8a65f94815469f11c426253517c24f5ef0e,613277a0381f0c77f9aa10386cb540ad913633cd520a64e88a36912e58917e23,let trees border the zoo
303,198947,1,train,f8c67b7ba8103b9ba038a34a4219455a0720943e651cd97e850d863cac8ec7f1,db62a32d386a858cab61c562db6b7b40e85609de98e05eb47c081cd5dddad4d5,turn the dog into a balloon
304,16403,1,test,276b4229a5647ddaaa304a1cdc63ce2c1bd551e7a35b64efd609071259851f6b,c5314e6ebf5087c380ce11fe3d68f8f6fe36c16e6a6f6e470bd7bed2b22c8679,Make the background a county fair.
305,16403,2,test,276b4229a5647ddaaa304a1cdc63ce2c1bd551e7a35b64efd609071259851f6b,3ff4d8b45fcaf4060c41a36f83725459b96ff29a9cbb00081e6b7623e089c906,Have him wear a cowboy hat.
306,16403,3,test,276b4229a5647ddaaa304a1cdc63ce2c1bd551e7a35b64efd609071259851f6b,e73f761315214872d09d1aef82bba0f5d76d0af3a5e7ab41ea0ae67820adc2e6,Change the shirt to plaid
307,223599,1,train,9fccab7427f310acd8d8454492f147b1937fcf761b57af0ef52e54ca39d81347,616ec2559a49e6b0d83ae8af364b2f44b12d544eb705aecda5b964a759481b76,leave only oranges on the fruit pile
308,417823,1,train,7b4b799411747b628242b3542a716687582c45fde5fa6ff9c1da06b897bb5b9e,06db20c53d272559c69d4595a5bfed62901fda2259d34a4a9134407580bfa92b,have the black bird sit in a lawn chair.
309,417823,2,train,7b4b799411747b628242b3542a716687582c45fde5fa6ff9c1da06b897bb5b9e,a91c68bec2912487bea67e520f071e6a06cd761f34956bb5f2a19dbb6808e195,have the bird under an umbrella
310,417823,3,train,7b4b799411747b628242b3542a716687582c45fde5fa6ff9c1da06b897bb5b9e,2b7ecdda3aa864ce86059e7dd56652f8538ea483e24d454bb3b4c58e53e5f156,add a tree
311,323791,1,train,37a44e7053f630e45aedd6cd7b023466e78daec91ab124de6471543719733660,d45e8c6cc6418d76bc309aa2294e08f0e9f83b4c49345cdb38d21d03bb3a59dc,swap the man for a robot
312,323791,2,train,37a44e7053f630e45aedd6cd7b023466e78daec91ab124de6471543719733660,f12628332b0a2a57c3dc4a0dd8d1b8ae67f21b58e8561e3978c0176455cdb558,make the kite turn into an airplane
313,401455,1,test,7831de1202f4ad51e487322d7ee5d76bf4e08b7c76ec30c27b4f32468502cee5,e9fe2affed3e135a4d17be886969fb2d9be907f229b16b54451036dc492a2b05,make the sheep  a pony
314,253970,1,train,32ea145f35ba05ce84327806d947cf5483a8f5405a281a105eba73889b0939a9,ca5c61a17c558fb4cb56168b000f453d458e49f4dd088309f3875056556c369b,Let the book be closed.
315,233169,1,val,df64109caf16e75e723bb840695c20f826314d5b7f15612bb06d555bc51b2dcf,8b9cde0fbb70f6a53486f5d443d2e33087fea2dc97ea98f73e45cf621d13c878,put a shirt on the cat
316,233169,2,val,df64109caf16e75e723bb840695c20f826314d5b7f15612bb06d555bc51b2dcf,813c7a92abca30ff57a26edaf0b65ce974227238ecabea194330268fae596603,erase the keyboard and make the cat just sit on the desk
317,222908,1,train,996e1efad81e77d37a2a953c4f19d0901f85eea3260f89a13298d713167fce26,9b9bfe36ff3fc41686de43ca675dc2e8c8588310ab4da513e4b42213c334285f,Put a cat on the sofa.
318,265777,1,train,174b7bf9f599c44fe20d40bc20e3d58d74e1ea3bfc20cd9a7f068e5d78390892,7b5f46adb895ff5042d5bc87f74c85718d8fc47337ceb0372b7ad1ae7e329490,Make it a pepperoni pizza.
319,265777,2,train,174b7bf9f599c44fe20d40bc20e3d58d74e1ea3bfc20cd9a7f068e5d78390892,80200dcb132fe897754a0abcc058795213b478bd5bfb7feb76a52023298567b5,Give the woman glasses.
320,265777,3,train,174b7bf9f599c44fe20d40bc20e3d58d74e1ea3bfc20cd9a7f068e5d78390892,625ed48b0743ca73e648bb92ae7a0e10f03c99558e81046d7746e7056e36d9c8,Remove one of the wine glasses.
321,99372,1,test,3e37540463b0b840c9c5fe7478b9ae067eba76b064eb275667d65e35f0d8cb11,b54fa917623ec4f0e711e6fa6c394a8bfe8f50e2787d724697fd15da88548b61,give the bird an apple to eat
322,99372,2,test,3e37540463b0b840c9c5fe7478b9ae067eba76b064eb275667d65e35f0d8cb11,28f1e0d2f1b24e529e8acbd642aad5d272ae25538c3a1f8a882aea0e74438bd3,turn the bird black
323,332775,1,test,31f72b4060fc9b3769ba72cf93c512cad01afa524ac9bd4defc3a7a68112acea,9bc787e201cdd08832dd730bb860c1ac7cb87b43b0f117d72676b6b383f7fb1a,Let the cat's eyes turn blue.
324,137591,1,train,cd457b4a0b4d1af58810167c65cae74f56c97713ac18cdf93a14c70faec2e319,ff85e8f39260c4c0186086635b0e5cdac31b249eb0aec045e921f7d717f741ae,make the zebra happy
325,137591,2,train,cd457b4a0b4d1af58810167c65cae74f56c97713ac18cdf93a14c70faec2e319,7c1b072007ba90831c4126551a324291cd2d3eed5ce371c090c1fd16ba0266ab,make the ears bigger
326,331093,1,train,9958a92df0463e704b778dcc4e20001d264444a7c1e9774b0ee58a7066634e7d,dea15aed2fc0283741253ea35f861ef3eaedd22165871df5a0d0c5b5aeec23a8,Let the truck be replaced by a police car.
327,45942,1,test,54fe2a08d7950c5153cb3316f3d49d4b552e616367a622a5fb888edcf96349b3,e807a3c868a9beb83d303c6f43ecbc370031216fcce5225cca25164830f9321f,Put a hill behind the the man.
328,45942,2,test,54fe2a08d7950c5153cb3316f3d49d4b552e616367a622a5fb888edcf96349b3,4ab47ca26fd39ac73acead833c9a3230cc36578ec7ea210e7158395ef3ef7b72,Can he hold a log of wood?
329,45942,3,test,54fe2a08d7950c5153cb3316f3d49d4b552e616367a622a5fb888edcf96349b3,d2109397f047236fb1f03347dd68b106890c36132ff78dbc1f6d8624a8dbf2da,Put a house on the hill.
330,205299,1,train,ab876f841052b3395a55e776898d376526ade8546daff478113fee554ba82ca9,ef15e727021f24e5afe9ab171a01cb6a6bfc5ab23049b207d0581c2f3d1de92a,make the man hold a wine bottle
331,379441,1,val,cb7f6bf53768c0bbb0a3083427727bf8dc5c4ccb48130920cbf7cc94db805179,973703c2e4261873d5f318d71df24ccd723b58a4907fa613073a210282d80d74,Add a sleeping person to the couch.
332,335909,1,train,42f49dab397e8f489a0934927f390cb168fa9a3c2afd1d9f0556575f3b078864,2b64c607cb37fb3b86fef92eeb40e1ec16e64e514b241cbd515fce57efc06ffd,Put a ski mask on the woman.
333,335909,2,train,42f49dab397e8f489a0934927f390cb168fa9a3c2afd1d9f0556575f3b078864,087bdbc7cd9644c20de39c0c8a94f1ecb787a9fb8c80753fee7473c2a4f410bb,Make the skis a snowboard.
334,335909,3,train,42f49dab397e8f489a0934927f390cb168fa9a3c2afd1d9f0556575f3b078864,aac2babeef4c703464a7f6e8ac29c698744cfa27d7ad8d3dc47af178812273d5,Put in a wolf chasing the woman.
335,495122,1,train,1ba435a175149cc3b752eca585586fb3b73dbc65652398c20e7a1dff98ae14df,a77a476eeda8a92f255f95acbab729ffef06d682610ba4af58e14ba5b1500c98,place a panda in the kitchen
336,495122,2,train,1ba435a175149cc3b752eca585586fb3b73dbc65652398c20e7a1dff98ae14df,d22b391f0e8247aec14d631cda8f49b484148d5b788d5664d61ac0fa0f7b95c5,put a balloon cat in the picture
337,144298,1,train,97cb72c94a4c127141f7e21a8c42f5ce864cdcdfeade8ec4d6eee4d8c4b4b178,f0ce69ceada0dc4041538e2597a069949ba2b64f4f520bfba6f000d962a9696f,Put a bicycle next to the bus.
338,537620,1,val,16a0ea043fb217cf6a3f44d86ad32fdd9795050568e76baf026afd359d663522,e58c3f5216ef624fb1505538c3753cd288cd191d86aebfccf2a3e103bdb3c2fc,change the motor scooter to a limousine
339,537620,2,val,16a0ea043fb217cf6a3f44d86ad32fdd9795050568e76baf026afd359d663522,aa320dc7f9875c4267bf40ae7ceb27b01c0cc1a4e72190d1b76d9a674dc1822b,add a puppy
340,411384,1,train,5d3ec03a54231ad83c8985daea26fdaff532ac9fd1e7c373b0df3929cb61bc1c,37ebc5f8858633f4121b4a34ba28d99db397a9e16c5001688ed26d2b98da59c4,add a stop sign on the meter
341,411384,2,train,5d3ec03a54231ad83c8985daea26fdaff532ac9fd1e7c373b0df3929cb61bc1c,6b1d67c07346bde91e724b06eb6ad5cd466192b766a52426972ee3557ee28883,remove the mail boxes
342,411384,3,train,5d3ec03a54231ad83c8985daea26fdaff532ac9fd1e7c373b0df3929cb61bc1c,3b1cba93bb53d9efaa82356929d42f60dd49b216f197c9d81d0e837c967a19a1,let the building be a red brick building
343,540682,1,train,0d28f84c99a48d35d0528c2a7086a2dd2c12e1cea6952bcb50a6356f0431dcd0,990ce4385c350b40cd9c8a4dc8af1317b877d3f9dcbb1d24b9896c7f684d336c,change the bus color to blue
344,383704,1,val,7e79e08dd4dbf0a9eff4ce725845882a57cb78bf79af2d15fbca060c2c77a105,f8decdf7689eb59ef2752ac4d692f1e30cfd8f82221a6bff1d4ce6a0208bae10,The man should be wearing a watch.
345,385070,1,train,0c8193e781e92802faf66363c50f01e37becd64d3c47593fa0114747a79d8b71,c5ef65def59def4956fc4adab027392714b9971813b89a90229dfd5a612d0de8,Remove the beer.
346,385070,2,train,0c8193e781e92802faf66363c50f01e37becd64d3c47593fa0114747a79d8b71,6ed1935c7887d995f6cc9cfd4eeac05b785f88262ccb2c1d2d44fa1b9f1a9fe6,Give the men party hats.
347,458510,1,test,c021fafb6d3ae7ee51a75ca142733615f4ee8e5bb2df02fdd51ca03ea7dd5024,a157a322db61b104ab30fce6ee403551184694b26237d304f8a3f9c0fbdb7588,Have the utensil be a visible fork
348,458510,2,test,c021fafb6d3ae7ee51a75ca142733615f4ee8e5bb2df02fdd51ca03ea7dd5024,249a5a7b3f0b3a39cc4a7fbd49de367be68647b12c588ad9e09ed8efcb8cfa2e,Change the beans to French fries
349,575500,1,test,8ed09a3bbf3359b980ec3b8bcdacd1f1557029bb55eb20dde38d3bd04f321dc3,47cb358168e86053de5bb3bf8c80e0858d514a43a87c87275e67f455ae464ac0,Add more bananas
350,575500,2,test,8ed09a3bbf3359b980ec3b8bcdacd1f1557029bb55eb20dde38d3bd04f321dc3,99889926068781d446d8e8817b8589ce84c265c65d0c4fd60566928ac02bcc23,Let's introduce a monkey next to the bananas
351,575500,3,test,8ed09a3bbf3359b980ec3b8bcdacd1f1557029bb55eb20dde38d3bd04f321dc3,47d6eb0e0261cc3a032312d3574c5fa94d1ce10167b306934fd2aacd24d82885,Make like the monkey is grabbing a banana
352,423742,1,train,f88a81eb945a3eb3b95236e71c488fb5420ef78233dc35c78d76dc614069ae48,12c8dff018d07e2b369df248fabc2ea1caf2628b250cbf72e22bbd06adb9b7b9,turn the cat into a hedgehog
353,423742,2,train,f88a81eb945a3eb3b95236e71c488fb5420ef78233dc35c78d76dc614069ae48,b96a90c19bfe29f9916585a92154f8a036863fe49d33927b8d60a5b48f19b013,break the laptop
354,262207,1,train,b31a503f5e0713482f34ba2e6fc1b7069353e207f523e5bfe6e03bf0cd84bf28,9ce894b551cabeb13436b99063f6b9762e0499314a9f81f9cb22c6852388365c,change the man into a girl
355,262207,2,train,b31a503f5e0713482f34ba2e6fc1b7069353e207f523e5bfe6e03bf0cd84bf28,35492c13aa4417d74ca2c7711d551843d713bb74d38fcf387d72fd54215c904d,change the television to a refrigerator
356,262207,3,train,b31a503f5e0713482f34ba2e6fc1b7069353e207f523e5bfe6e03bf0cd84bf28,6a9a4ea082f3289fe5a3375a5c85a5ad25fe57e76cb4088aaff25d578d31a5b3,add an abstract painting
357,460617,1,test,7f64587f66a49438c30ee7d67b8b59f7986be5c3cdd7770ab65c8f225c545dfa,e374476982f68831e431203d55d536d5dcd3d60378302e2ebe4bd7db00cb0fd4,make the cake whole again
358,460617,2,test,7f64587f66a49438c30ee7d67b8b59f7986be5c3cdd7770ab65c8f225c545dfa,1c49e9eba60d90d94ad70dbf762468a741652b26e0671165a98d6afc05d043f5,put red roses next to the cake
359,212089,1,train,3a7683340aa7ed639551280f126857eba60ea2d497c9b4e96f4a5b704f5ba352,8699f25c1c57d0ee2492522d9c563718c2189b2f44146dd16cd6673b5fa8db96,There should be only one zebra.
360,212089,2,train,3a7683340aa7ed639551280f126857eba60ea2d497c9b4e96f4a5b704f5ba352,061e1564328145a3d0bf5dcd6178153d8ef1f66cbeb815828fd6df345aa6b8b2,A tiger should be sneaking about in the grass.
361,212089,3,train,3a7683340aa7ed639551280f126857eba60ea2d497c9b4e96f4a5b704f5ba352,0cb0fffaf2612cc47ccf5ba8741574cd7db598688f2e53885e1c24c012bf5fd9,There should be a bird on the zebra's head.
362,299553,1,train,032cf6d4b9a8c7b574af97cb826a3fb9488ec045557dc0abb66ced688ec28b07,c9a59459f48c6c7ad36481a06d542e046f46ecf2a462e921d9d5bd9733f6bf12,Add a third kite.
363,299553,2,train,032cf6d4b9a8c7b574af97cb826a3fb9488ec045557dc0abb66ced688ec28b07,4333c51fa0df3b453dedc6500e36935c63bbc05413cf200d79bc68a43c248d5a,Add an airplane.
364,299553,3,train,032cf6d4b9a8c7b574af97cb826a3fb9488ec045557dc0abb66ced688ec28b07,62d91a0fc17a9a724d6045baf4d05efbf3c896e93a7aa371f6c49e0a66f8c4b0,Add a second airplane.
365,375996,1,test,016c7abf6517309a3bb0cd7f37ef005654e7d685b91a439c4841d870bc039cda,8af541bd64229b4d4e613ee6697d3600dd955f5e210152d58ab4252aaa454a7a,change the wii controllers into coffee cups
366,375996,2,test,016c7abf6517309a3bb0cd7f37ef005654e7d685b91a439c4841d870bc039cda,4f979655b12119b6ead2961d1fc4cba8c3c25d1c09d3b4061125dc16dbf30ad1,let the three people wear VR headsets
367,375996,3,test,016c7abf6517309a3bb0cd7f37ef005654e7d685b91a439c4841d870bc039cda,f6ba0cbcb540cc42e27748023c46974bcef447a10fd73f56ef6c61249c7f27db,let a cat sit on the shelf
368,270303,1,train,d6a0224037f80b3169da6933e80e6fff98795576d9e7a4ac1c60029609cfc1b1,bc0f76bd53a95b3a47278e2b66ddec566de7b752d7e088c47ed79bd4068736cb,move the fork to the plate
369,270303,2,train,d6a0224037f80b3169da6933e80e6fff98795576d9e7a4ac1c60029609cfc1b1,3289365b007725933a66bce817aa671b5ecb7b765d2b595a973d5e7ea8ff1cbd,make the table a picnic table.
370,513125,1,train,eb2f465987702423e8b6abd2faf4980bbe3bad3bb08e006b93a051b529ef286d,c973bb6cb6ecb502b14f8a96f0cb71ca2b09bbe1d20bb10ed1fd3107cf00f8d5,make the dog face the camera
371,286723,1,test,1c1728da2ad6f7e2f04085bac2b5efaa2115c94613681d5fb7ab0db23634855e,c1f7fbd788a11fd2eadc044b6fb1a9194871fbef8ce52e665e9b4994aa6ad2af,Give the woman black pants.
372,193808,1,test,ddfaf0620a448a99228fbd3ec9c543e7739589f14f2b4ca233391584cb82934d,3814d8314aea1850ac793de80bd5380f0945243dbd8b65ddd50d25b168ab50d7,Let the ship become Titanic ship.
373,128170,1,val,4f0d2502581eacf0d87d4dfa4f58524d2783519b726d3ce6c1f7317c3b1acb5f,c437b7805fdb1f3d550dcc51b543e472b66870d164dfea3ab0059dbf200a32d4,swap the fruits for cake
374,128170,2,val,4f0d2502581eacf0d87d4dfa4f58524d2783519b726d3ce6c1f7317c3b1acb5f,71df1d38bcf90dad3d0a802c8e4fff793c2a8a920b47a087d1a5c9858fadc725,add a candy
375,55873,1,test,1c39a40e58ae3a923af6720d47887b25405913dc67d68c103d2f7d18c8f58f78,21b6cc7934e78e5508aeb8b44630d035e8437cfc358885c1230c798436fe2677,mix some strawberries in the middle of the fruits
376,412544,1,test,602bdf51a2a4df431371e7d13c27a048bfa5e81882faf361338da00e83441d8b,fe783c8a137f8ce340346bcfc836ba32c6c0f75ca3aa491400d5f6fcf6d43ddc,let the man be dressed like a rapper
377,412544,2,test,602bdf51a2a4df431371e7d13c27a048bfa5e81882faf361338da00e83441d8b,d46106e13954bcb62e510fa28a916e3a62cf18d9ec2151c194e59e732324fc58,let the girl fold her hands
378,412544,3,test,602bdf51a2a4df431371e7d13c27a048bfa5e81882faf361338da00e83441d8b,f7e17823165cb79ec200dbdf105010823abe752ac4ba0eb9d018ecc45ba3814f,make the man close his mouth
379,378186,1,train,f0c77f2ec7ffc4033c9592c030649a80269416c4936c13bc9958d6b88f9793cd,209c0ec1dd78a36b655cabda7508f1215271a88b43be2d76c4ad7632a468c514,The microwave should be white.
380,290080,1,train,b13c5d0a754841c963004c074bd3cd3419d6d1258bb8283d48b927b2b6f8944d,0fd7c0a42774a6a60c0d8e9fbaa882bc2544782d12ba9a28a51f8fd7fc598145,Put a lake next no the mountains.
381,290080,2,train,b13c5d0a754841c963004c074bd3cd3419d6d1258bb8283d48b927b2b6f8944d,d7943f595027ff06855e0145ed8f3afe8e280f12a9e0eff20d05c038c54eaf16,It should be a man and a dog on the mountain.
382,102632,1,train,77bc01d7d76bee10c9df4240492e9636a00420475811ff4b1fac2a0731b12331,6d5f734898b7f26a0e68e68b74c6e22f88689c0b481ab578a21bb0f4f3f4b17f,add a suitcase in place of the laptop
383,102632,2,train,77bc01d7d76bee10c9df4240492e9636a00420475811ff4b1fac2a0731b12331,58e2126dea978207e50148610ec81333c200c6c74dbd978a69ba7210929824b5,remove the computer and add a stack of papers
384,283038,1,test,29ae94cba5dcd10c98ae9867adbc79ad3f799a5e6517e137a8244fe377cc16cb,5953e7ffc14abc448fd4615b228ff2fc0579c7dee2127f6d0571c7a3151a9888,change the stop sign to a parking sign
385,283038,2,test,29ae94cba5dcd10c98ae9867adbc79ad3f799a5e6517e137a8244fe377cc16cb,9f5e4958edafa00db9a2759edeb57b160118a0167b858d4209e9d93808b26ffe,change a building into a cathedral
386,292905,1,train,f48c4bf5ffa848519c38b9816e96ca2b2478fe37882d25c5e42bbcba02642174,ebd3a79bda8d91cb792b5c8d19841d7a09a47db87530ffa4fe8d242cffa587ea,make the woman look upset
387,292905,2,train,f48c4bf5ffa848519c38b9816e96ca2b2478fe37882d25c5e42bbcba02642174,cf97fd0e415ae4b091b4cbba7dcfdec0d84c1d1f0e3beb14ef6058a37412f343,make the woman bald
388,299714,1,test,b3adc32ad8d404a12db818d5a1748c95c037840ee61957669caae5d74200d1b1,0a60c885216d40c70c629924804ce3040ede8a324c739b14f2bdfe814d8d7378,Let the tooth powder be replaced by a toothpaste.
389,21972,1,train,61e3a4947384870c81cad74fde931f6ca013d6bf9d5531ab79c518de582f8203,a3aec7e570a76b3942f7bf25cf35e36c01e49e1428f09c5909aabc5755bb140f,change the passenger plane to a charter plane
390,21972,2,train,61e3a4947384870c81cad74fde931f6ca013d6bf9d5531ab79c518de582f8203,d983a007d59e209fdf9cddd92a336188c6e2fef34c9d2bbde3920d1c0157548b,add a kid looking at the plane
391,21972,3,train,61e3a4947384870c81cad74fde931f6ca013d6bf9d5531ab79c518de582f8203,ff38c54ade5376f3c6201b7dab114d39d2d374e8753811f71731cd5ccd0f897f,add a bird in the sky
392,101084,1,train,67fe925a8beceee5f3315ed3c49c0b39e56a727954a63ffb2de122fc373f7f57,f5c34ced4878c26aa0b6f711d8432247ada84f2fad18dda12906eecd873efd71,Have there be a city skyline outside of the window
393,376047,1,train,8dacc9b2c7c32bcaf5420502f3a773f16e4d156bcd8efb2c120404d1ebfee8bc,b28e943700f5f92e6ddbf49830cacd3047fde98a416235ccebc92bf7bc10a23a,the refrigerator should be white.
394,376047,2,train,8dacc9b2c7c32bcaf5420502f3a773f16e4d156bcd8efb2c120404d1ebfee8bc,6c3cfa661c88bbf567b4db8bb749938de4f32e5ebae1da4fb4824202efd02a5f,Can we have a wooden floor on the kitchen.
395,63399,1,train,4adeeabd65fcbbf7882b03bc1c3cb18bc47c2c430091b148fae193e96ae9cd75,a3ae7f4f9d5f33037e2c3f7f0a4451e1bc5894bb4dce845bfc3b215c93c71f7c,let the frisbee have a face of a woman
396,63399,2,train,4adeeabd65fcbbf7882b03bc1c3cb18bc47c2c430091b148fae193e96ae9cd75,ae352d5ebdcff6d3b46af1f3f1461c1e1b0f14588f53a15649cb1e9d5bf427f1,let the frisbee be in a cardboard box
397,63399,3,train,4adeeabd65fcbbf7882b03bc1c3cb18bc47c2c430091b148fae193e96ae9cd75,8ae207a4d38aab29dd084456c3f22004ca511915126a8fc6a72e3e73cc77046a,let there be a stuffed teddy bear
398,295049,1,train,d5c7985b5cc3d0224c2a79b23474277ef41dada7534ec444eb6cce5d2de907bf,30c0c7da00ea5c5139495460bbb2392e8b9ee5e23a1fc5dd36a3dce5b923e3cd,replace apple with lime
399,295049,2,train,d5c7985b5cc3d0224c2a79b23474277ef41dada7534ec444eb6cce5d2de907bf,eaebf8de8552d9aab247bd24b8b25136a54e7fdfa0ffc78db727c0fb8bc6244a,remove the text
400,189197,1,train,f0649bc94168cb698f78384c99f297f1e7b0f38fce2655012e86bd11040a3cfb,b9b638192e565760a4e8a9425a1281506c0106b985321cad6d2e630b4af2bcf1,put a giant squid in the park
401,189197,2,train,f0649bc94168cb698f78384c99f297f1e7b0f38fce2655012e86bd11040a3cfb,44c7fc38370d4746a83df5ef96c23616c6c50ff8a605f825390ce316f038044e,add the moon
402,429991,1,val,69fe2d9f76567d274c2e21761e47845e94eaa84775728ed4799dd7883b7d0fa6,0a2e26a509910276619cc63fcb8840ee00ee3ecbf3a2a4095ea3c295c74272fe,let a ski have autograph on it
403,429991,2,val,69fe2d9f76567d274c2e21761e47845e94eaa84775728ed4799dd7883b7d0fa6,a084231bab027ab0797c9f1e6798e2700204287b5e37cc502bb1957e1b3ec326,let a person touch a ski
404,429991,3,val,69fe2d9f76567d274c2e21761e47845e94eaa84775728ed4799dd7883b7d0fa6,c870a8cf357aa1343676cab1bdb479cd94a3c08f4ddf6d9af9268b0ddb78d0fa,let the skis have stripes
405,208423,1,test,e94efb89c287ded4f9370ddcb91c622b5759f5437ad9fd3da29ab40434f6ee53,3800f74a2c73f4f63af146680436818ef93edaab9ddadf083eee692832931f6a,Add a bright sun
406,208423,2,test,e94efb89c287ded4f9370ddcb91c622b5759f5437ad9fd3da29ab40434f6ee53,0a3053387d728007b0c015f97f0f6a4cc0ec37232f4585e8c2c4553f34b9c5d6,Add an airplane.
407,208423,3,test,e94efb89c287ded4f9370ddcb91c622b5759f5437ad9fd3da29ab40434f6ee53,fa74bc5d9c9d60687fc03d316d15babe82c2e788039fb8ea8e743b1ae7de014f,Add a second airplane.
408,229407,1,train,94acec79e3b332a198cea6f35398ccc8c98e38af1bfcf19b5cc3c49ff4eb7e1a,1c1bf566277d5df1781f5427b778865247b7cb21e0ccfbf8fbf858ea77ab4a10,put a blue border around the edge of the saucer
409,229407,2,train,94acec79e3b332a198cea6f35398ccc8c98e38af1bfcf19b5cc3c49ff4eb7e1a,5db8f25327edddd60e765d8d605e1ff40e17287a0298893e71eb350bcc1b1b3c,put strawberries on the dessert
410,93333,1,val,de0075136e0d0c2134f44a6b837257cfc3f4788ca879e5476dde87639a324162,4cc87dee953131832aeb87f5c5e6f55f2b8e3141e37c598879d67b702bf5db09,Add a monkey.
411,115564,1,test,40dc4faa0bb66ccffe987f451f626e2eddef90bce3894f62fe3bd05c8dfd2dbd,a17ff628840e3eb2e29d8d4bee2e8807578b76bbbb79657d421747ed7b070562,Let the excavator dig.
412,196663,1,train,3d300b7943f143ad9b98f5554f01b445cd8d16207ecafa60f9b9fdedad69e752,9096567aef4caebaafa8e9eedda8d9396cd95a652105017f33bfa4c9a25c6ce5,Replace the veggies in the middle with cheese.
413,307379,1,train,3141a1d444c5872bf63f3ef7062e478e1307efc2ed56c63c450f6db7bbba86d9,8ae84ba3dc30444a7da00cac0f768a40775c819739a48e1f60d6aaf5097a02aa,"Have the cat have big, green eyes"
414,307379,2,train,3141a1d444c5872bf63f3ef7062e478e1307efc2ed56c63c450f6db7bbba86d9,be016f4894a0a05f96487af4f066da7fca3100fb8ef8696a5e297046780a705f,Have the cat be licking a lollipop
415,372260,1,train,a5cdeda3a9710a1e5f406b25981e343874730df4e84cd3170cb7269ff6aef6a5,d2bcf3453baac00c2ad243dcbf267257862cbaf2a03ba6af06762250eaad83c6,Remove the building in the background.
416,372260,2,train,a5cdeda3a9710a1e5f406b25981e343874730df4e84cd3170cb7269ff6aef6a5,e6491829ee6735838f9225e0f22fcc5854fbd0522bece24d24d59670d6fd3ba8,Add a squirrel on the clock.
417,372260,3,train,a5cdeda3a9710a1e5f406b25981e343874730df4e84cd3170cb7269ff6aef6a5,80f4d330421491914cd64853a1aa7c2967f986865a37f87c075fc9d624cb27bf,Add a trash bin next to the clock.
418,121087,1,train,167172d76f6c46755da8e78340f9381d55ad8300d23cb4939b648cc3b99ceb76,088575b78323520f93fe42b88dafe150a9449242a521b102728f16a14919e859,Scramble the eggs.
419,121087,2,train,167172d76f6c46755da8e78340f9381d55ad8300d23cb4939b648cc3b99ceb76,ee2e1e87cceaa763d63c6512c90912cdf9e7ab9e862470c3b59858a305659c15,Make the fries thinner.
420,121087,3,train,167172d76f6c46755da8e78340f9381d55ad8300d23cb4939b648cc3b99ceb76,7379d2ff981076c5468ad4a480e33bfa9a237b9785355e718755a6571d5b257b,Get rid of the fruit cup.
421,488240,1,train,c25eefda594acc0422d2fc3091494a0e1da3db53611a5d5959f6879328e60e3a,3ae1321a17c301ea907d98630208911d9874cd6de6d5c384218fd29104d84fa5,change his glasses to sunglasses
422,488240,2,train,c25eefda594acc0422d2fc3091494a0e1da3db53611a5d5959f6879328e60e3a,0fe3edcc45f4c1efcafa565482bd1be2ad6f484f57a39e01adcdd3d825fb03e9,make him brush his teeth
423,240709,1,train,270aa12841b52535a544c072b15107beb53c113185b80812e801636a51ced307,e871b07960bc96a1663b987e7e5f20d15ace00688f5c51bafcb1cbff63ee1103,erase the table and put a bathtub in it's place
424,240709,2,train,270aa12841b52535a544c072b15107beb53c113185b80812e801636a51ced307,d6023efd9bb7dc8305891ebc41714e62fc64e31da80e7d440210f263b67204e0,turn the cabinet into an aquarium
425,90140,1,train,dc6af0d40779e5d560ef12dc71edc59b1b2ab6e6718020ead9c8ffd8c013e9cc,85d4e3ab5848ee97b295ed38982c7eaca7747bdf5d2f15dbd64f3aab1f3dee03,Make the vase thinner.
426,90140,2,train,dc6af0d40779e5d560ef12dc71edc59b1b2ab6e6718020ead9c8ffd8c013e9cc,14a63b916ea87e3bccbd32508feb82775352266b074133669f860ff0c97dfc93,Replace the flowers with fungus.
427,131215,1,train,0d339398fd41d2255b3ae58b939bd27a67b56bab34916d8321bff585bfa90dc0,496ec686f41ad7078f3fb077686ea99cef7445b30e36f9a85e653b4b4741329c,Make the television float.
428,560636,1,train,e57f271d764929106dcc00fc83134756543b2ebf671ce5d7f8bdf8f52783eb4a,0e21d8f03da2176d451e3901043fa2b96c3f6fa58c2fac472d1956e882945c27,Have a man sleep on the bed.
429,560636,2,train,e57f271d764929106dcc00fc83134756543b2ebf671ce5d7f8bdf8f52783eb4a,80a1d96c1efd802103d473a14db6711532e7b87e2e43f9eaf7ef154b7c14e70c,Get rid of two of the paintings.
430,503943,1,train,7f3ca869beb6b1e3c32365e6986bfd897a4413d212cb043cf424844536f11a39,447181a555a10890ba4ce8fb7083dcac238cd270816c35c07db2df2e2910dae0,let the laptop have a red web page
431,503943,2,train,7f3ca869beb6b1e3c32365e6986bfd897a4413d212cb043cf424844536f11a39,a03e61503b982b29998bedbbc50c0ca887d5fe59e3919db44f084bf434b4d2ee,let the laptop be grey
432,503943,3,train,7f3ca869beb6b1e3c32365e6986bfd897a4413d212cb043cf424844536f11a39,5a83c3e8a0aa0c86e1190c0bd041450cc9d328aa6ee432f0448f1b4f7916ec79,add a slice of bread on the tray
433,514668,1,val,872c4dc8e9569681e628292156fbc4c170c4545894bc4284bd1ed35ac04fdd5e,6974ca629c1b896ec0fb496cc86287e5427f107e35a902ae71648c20ba2f49e3,Make one of the cats a child.
434,480739,1,test,056b442599bc2d1343600500889c7f1d5a5e4e118d421853b9411e36fe036ef9,55a3522573083bb8baffe2d8f6c9c34e748a7dc2a1d6f991f0983c3de65cb48e,let the urinals be water logged
435,480739,2,test,056b442599bc2d1343600500889c7f1d5a5e4e118d421853b9411e36fe036ef9,b9cc14b8f92a96fb179558e5e779758cbe0d44351e88cd2bd7df543c890e2040,let the floor be made of marble
436,480739,3,test,056b442599bc2d1343600500889c7f1d5a5e4e118d421853b9411e36fe036ef9,dbd22d83850bef50fb7bbfd0bdee4ed57f486340e5d9f684db8ca8ddd0991aaa,let there be a window with the view of a park
437,24609,1,train,c80bc38c4051a26c157ba45ec93ff4dd76d6a3208d43ecc74486ff34dec8cf59,195df4ea5bb1cdfe7692c8a08b88ff77a348c2bab30956711dcf31fabcbde917,Add an alligator.
438,90137,1,train,53e8b031fe0ba7f3bf694a2702e27106ef897f680698f8b793eaccbe01b55ba6,8b95cef0398a47786dc99818577af9f469f1bb53f5c7e21fd2163a3de0edc397,Have there be a green towel hanging from the towel rack
439,31673,1,train,f169e51a3e98b73b45c7a5bba26f6cfd7e65551fc0834781d9453159d82d2215,fab8be955090705a4c8685da1ccbfb9e5393602e04021b6d6cd1b2aca7379b58,Let the grass be taller.
440,378448,1,train,958a4d6ffd15e4da26e945c4e15f5c47ea097ab33e5d76a88055fe8729e7766a,d4a5070f67b11e76a23f60a8a41b74a8d31bbfe366b73b2ac8262c7a033bf0d1,Let's add a vase of flowers.
441,409438,1,train,f93bdcea611aa86c6f4729e2ae2ce1d29725d92e923206a899d71d0985dd3a0c,c499589f2fd3ebe3e20daa95344d6d70cc3257de63a0d0ffdece89c411186e01,add a cat in the sink
442,409438,2,train,f93bdcea611aa86c6f4729e2ae2ce1d29725d92e923206a899d71d0985dd3a0c,67025213b46422b072f83a3abea989630875aef8bcc8bd11cd0f139eb0547962,place a lizard on the cabinet
443,401411,1,train,1b3efeac1744a1771ddfc1c100b85f202f4bb073332a4d22161bcc7e4519645d,f3f3ff8035028c29a2cab70c552242e2db6c322863f9609f20931facbe2fb213,Change the cutting board to a mixing bowl
444,401411,2,train,1b3efeac1744a1771ddfc1c100b85f202f4bb073332a4d22161bcc7e4519645d,af101fa35f716c3645786666e4f96a2d3a499d0f067865a7f81abd04072bffb6,make the chef put his hand on his mouth
445,565153,1,val,ee3fd0e9556c4b01a041e7d5089b0c158f6c66643b4c338239f139782885f746,f8b062fc178377fd8ba6f6d162726c826a5423e4563bc75e2f8ecc1b80257a99,Remove the vandalism.
446,57363,1,train,5c19d74150fcf2302c6958e61727fca3c690d77b3897f00f261909dd9411fac2,cc4c177f61bc20207908219daa7eb5d2886c8db9f0b32ddea8ac13336b59fd66,change the fire truck to a sports car
447,57363,2,train,5c19d74150fcf2302c6958e61727fca3c690d77b3897f00f261909dd9411fac2,f9060415a0f794eef6eb09623752f919ef84844c7af71fb63269b24c6aa40735,remove the buildings
448,351808,1,test,16602916c6185e77b3edcd9b6cc8fe7fee68e857699aa50146247ed4bfe354e8,353c30b64cf8f553891707a6ce1758415cf8becb64b73a2f986ae8304c8825da,Change the yellow purse to a red purse
449,161084,1,train,1f85310db53dd8c1bae5c2a2a4750332ce0a1baf61cadffdf4f6cec5abc93960,710501b25cbeb7b0aa7582074ef9c7dd794ee99f3ecfd4766c52aae76f4a9cf7,add some dough on the counter
450,161084,2,train,1f85310db53dd8c1bae5c2a2a4750332ce0a1baf61cadffdf4f6cec5abc93960,ad4d71d888f4fe849c89091aeab2794a06ecf648279378d392e7b32ce8440f0a,open the cabinets at the top
451,161084,3,train,1f85310db53dd8c1bae5c2a2a4750332ce0a1baf61cadffdf4f6cec5abc93960,7c526aa2063488fdbf47c70695a6c4245b7126b1e65677d796087747bb8c428c,let the windows have an arch
452,355819,1,test,8572d3cbbcae73a17087c60cf8d0655d927356d5c5219944bee15f1f7138cb6e,d0b3adc3d6a1e1efb6419165eb65661a1c24cae04a8dc391a6021db37978e93c,It should be a car on the background.
453,355819,2,test,8572d3cbbcae73a17087c60cf8d0655d927356d5c5219944bee15f1f7138cb6e,c4783326819ecfa0ec5e7e6fb4a80c162554109efdd21080452cc8199314f661,The baseball bat should be purple.
454,355819,3,test,8572d3cbbcae73a17087c60cf8d0655d927356d5c5219944bee15f1f7138cb6e,4527dfbab1388da95e6cfc2e6220b436cdaebe62ad980b39e0a071dab827deab,Can it have a pizza slice next to the bat?
455,88084,1,train,45441a9c5f0193314fb9ad588772f93d15e0c7f12426bc7b0733dca4660613bc,942f2e539f033fc5326fc181d5f9cf40ffc433fb6c9846652df0a703542a5320,let the fire hydrant be yellow
456,88084,2,train,45441a9c5f0193314fb9ad588772f93d15e0c7f12426bc7b0733dca4660613bc,6b51aec76e59b579260c79cb06a6f4a5fbb87223a003deecbc8d29625d400775,add a chihuahua next to the fire hydrant
457,88084,3,train,45441a9c5f0193314fb9ad588772f93d15e0c7f12426bc7b0733dca4660613bc,9740de8b7389ddb26d0f51bc45a9b105d95f597dd6b1f52b6065fbf0c4220b71,add a truck on the road
458,128175,1,train,a568b986fd88a8cf170c70163f749ad037c2c98dd50fb7bde5efa0e96eeeef08,902c666e8a87a6baf48941bac68ec4ce45e2c8e4772a94bcc585a23644fa0d06,Get rid of the grapes.
459,128175,2,train,a568b986fd88a8cf170c70163f749ad037c2c98dd50fb7bde5efa0e96eeeef08,e4e4446ca63260655376334d3c7e83819c3c867989ef59c351381f06bd0b487c,Add a pear.
460,128175,3,train,a568b986fd88a8cf170c70163f749ad037c2c98dd50fb7bde5efa0e96eeeef08,5d6e3909c1277fdd0b06be38d6ff3d0b35a5e7046c1d9c84a860c5f869c5b8d8,Change one of the fruit to a golf ball.
461,321886,1,test,f132fdbe236e7c229880aa4719e7c15eaa953e4eecfb3af52b217518c44d4bd6,25d7e2552f588699ff004a1374c93d7358c30157ee4e3a539eed3e705b57b96a,let there be a luxury SUV
462,321886,2,test,f132fdbe236e7c229880aa4719e7c15eaa953e4eecfb3af52b217518c44d4bd6,10460aef1c3ee0b5b1048f734e3f8c70191e58b48a0efd16805717734727dbb3,let a cop point at the SUV
463,321886,3,test,f132fdbe236e7c229880aa4719e7c15eaa953e4eecfb3af52b217518c44d4bd6,4eb38d27066bb6dfa990dea1936f973486979d8997d1932b1c2ee044c285036d,let there be the Empire State building
464,401182,1,train,69b11ce5b293db3c607da75e75498e9826f3e5c3ef6bd942ebe7bcc00638e6ce,6e11ea54ef8332a2cf7c445940f1b3cf207258a8112115dfe6a90b9cf4e8dad5,Have there be an oven that is on in the after picture
465,172597,1,train,c4d1e0fbf8b62b5baa0216d5a6204bcf60dcaf17d031d06504dcd4b3bc033f14,b7393b16e070022f0984497fd17c56170b67066ab0a9e8b7359fa4afc817cc6c,replace the dog with a cat
466,172597,2,train,c4d1e0fbf8b62b5baa0216d5a6204bcf60dcaf17d031d06504dcd4b3bc033f14,461ff62a26a99269959005985bddff7d3432d186838c11d8e59d89cafd1df462,let the woman laugh
467,172597,3,train,c4d1e0fbf8b62b5baa0216d5a6204bcf60dcaf17d031d06504dcd4b3bc033f14,e9b7708ff693a827787b7c85998eec9d71d31e4229c9bcce0bd4156a399d233d,give the woman a baby to hold
468,51738,1,train,d48a183f8c7d69028db97e13955cc8ab93e77bc6d20f9df73d8b1c4ea0eea02c,e052727583ab851ec0c1a6df11a3ce4a6dc160e3dca908df17fa3e4aff75d199,Change the chair to a desk.
469,183888,1,train,c795f3b3c8c8a9157be4d5f90afcacc2ef82496aafc072745b9afc96f6875389,73c78dac190f208e1e1f5ef6c1e5e9b039c8f74a0a2c98331235eff4897b7359,let the brown seat be white
470,183888,2,train,c795f3b3c8c8a9157be4d5f90afcacc2ef82496aafc072745b9afc96f6875389,2a08254d7e283ee075a270cd21cd9ee73e4402110f61236614810faed451cf42,add a shower unit
471,183888,3,train,c795f3b3c8c8a9157be4d5f90afcacc2ef82496aafc072745b9afc96f6875389,bb46c03287fdebcbcc666f4ed5ce3c7b928aa2b69cdbd2ee35eeb9f53d0658a8,let it be a white trash can
472,214471,1,train,c517c61823721a3c0655ea0da43715ec69dfac0a93e827b0b900701a5b57804c,4b51b031cf2779d8eef12203c76cff338f2ea6180996b47008609e8bd20bf010,Replace the chips with fries.
473,214471,2,train,c517c61823721a3c0655ea0da43715ec69dfac0a93e827b0b900701a5b57804c,03f39daf71ee434952db37bae46bc044fc7782d938f77361299fcc016d6492bc,Replace the sauce with ketchup.
474,214471,3,train,c517c61823721a3c0655ea0da43715ec69dfac0a93e827b0b900701a5b57804c,fdaba89b1497010e8009b3fdf0d29ac270112ef85d19923becc113b8f9916dd4,Put a cup of beer in place of the empty glass.
475,171050,1,test,c1b774244d93c033438e87e70fc757fd65e1751c739da1eec6f41dca458eec36,a865147e4e3a627c219bab1130275bf1502513c5263c03b74a6920f128ae7f05,Make the hydrant red.
476,171050,2,test,c1b774244d93c033438e87e70fc757fd65e1751c739da1eec6f41dca458eec36,1009418854b38bfbb89c8a5e83f24f40933ebbcf1ce1112aa64b9bf02d37ba7a,Make all the bricks concrete.
477,171050,3,test,c1b774244d93c033438e87e70fc757fd65e1751c739da1eec6f41dca458eec36,edf20f732bdf1102eee9f9c04dcdaa97ff5965ac739cbcbe931e397cb2e1319d,Make the door white.
478,473215,1,test,a1e93b2dfe895cafbf789fb5c2d079aa4be2f473a2cdc9f45d63d46ea141d8b7,8f791536fe02f0e60e182521de1605743da04f457aa0ad35fcccd8b99875bb3b,change the cherry to a strawberry
479,473215,2,test,a1e93b2dfe895cafbf789fb5c2d079aa4be2f473a2cdc9f45d63d46ea141d8b7,b26da61a17a2dd50ca287a71303fa5711d3014c6e92f8236eeaf418a1a07cbd8,change the drink to a cup of coffee
480,473215,3,test,a1e93b2dfe895cafbf789fb5c2d079aa4be2f473a2cdc9f45d63d46ea141d8b7,12fa9751a803dc069d66f35b233c2edccf988ffee6a29b26387fb98d6ddee0a4,add a spider next to the fudge
481,566724,1,test,64b2d9309f626bc18196f9da81603e9a95747413e338e43893ce7b9d5f2c1f23,35b6bc429b21ad560a0ce0d2f6f7c6024db594c1acdbced86885f4f8bf19956b,Change the scene outside of the window to be a mountain
482,566724,2,test,64b2d9309f626bc18196f9da81603e9a95747413e338e43893ce7b9d5f2c1f23,ce6a0cd838ca86d857158f03dcd9c0a02201c71c9d26d32296b489e5ec65897e,Have there be a vase on the windowsill
483,566724,3,test,64b2d9309f626bc18196f9da81603e9a95747413e338e43893ce7b9d5f2c1f23,4a654ae0d675137d67392ea98fb2ae08a5630c7a9608b54f6eaf430a6029e53b,Have there be a rose in the vase
484,399532,1,val,574df3153a9b40d573dcf0c557fd713eeac0651edf01aec157d622f772c8c48b,b40b4cc59ebf5431c6aa870eea8e71c93e0dea12d8122f4008ee2e45816a4129,put the ball on a tee
485,399532,2,val,574df3153a9b40d573dcf0c557fd713eeac0651edf01aec157d622f772c8c48b,6dca3fa373aaa34999514de2628e508cada998324d71aeb01ed96f27d31d9557,take away the pine cones
486,262299,1,val,5c6fa92481c23d46303b7a3d7d4fd5366d680af66913adc10a30b5f2faa38822,a20587d4186f7d6ff2cd2a55c59ac498e829c8ab9eccb68bab87919d5f826f3a,Have the person ride an eagle instead.
487,7107,1,test,6fb0dc323220f9eb73b94baf2f2e8a96dcaabdc8bace6f3ac299b7f5acb88deb,2ec2a7c5529871622b74b688332405db4953cd0fd9cca5a4e431e7408f8515b1,Put a cockroach near the plate of donuts.
488,334954,1,train,84304085d83d67897ab53e42b8fdb58c96599da33aa0babc9b57533850cb2cd8,39166bc4cf176800b4b467f2ad6108c38ca8d92bcf3a9871ecb67c586aa0d164,let the surfboard have a star pattern on it
489,334954,2,train,84304085d83d67897ab53e42b8fdb58c96599da33aa0babc9b57533850cb2cd8,e0af37d31a48482b5f5f47224c95dfccfdfd83d198d8654fef11b9d74d4d6914,let there be a woman in a beachwear
490,310342,1,train,21f79915e9c43b713f96ff6215ebeb7b84353df0ffe6892d9537bfb481b4f6a0,21fd5e96ae4bd368ceb29b53d748eb56e5e49be82998fe136a4f498962af5060,Get rid of all except one of the elephants.
491,293804,1,train,b0dff195c38a2e5cd8fd91919a24e0806ded002126e74fbec4a9c5deceea14a7,6a162804a7b3a23d64d43f5f0b1e15af7542e682347c09da2edd0b24b51b88c1,Could we have a television insted of a fireplace.
492,293804,2,train,b0dff195c38a2e5cd8fd91919a24e0806ded002126e74fbec4a9c5deceea14a7,b1991f429eaf22063f2949180b6c730ccd7c766a9edd2669ff63085330ace86c,Can we have one couch in the room.
493,470931,1,val,d67ea38ece86f1b4c51a6d4d06a8f33fdcaff3a57d464cdf7ea4ff653cdddfba,1e9a7c25f5bd9c31121983536b971f1ad09f25403efb73c142a5ca28dda12ef0,Put a butterfly near the bananas.
494,468087,1,test,10764cf1620c55c08bc7e99e81eec32f84f4e411d7b00d234629288e8a7e9433,e5940e8f3cf5b77a13081430b886d3bd83eafb6093ed169811e370064a198d94,Put a unicorn horn in the middle of the elephant's forehead
495,455381,1,train,8e09076bf51b6e63059e90af266c3f1132bbe803abc8b141872858d8042f1ac8,2ef34c095f8fc1014d73930aa139dfdc8f7cdfd7b5a5058dce9869950784ebf0,It should be pancakes on the plate.
496,455381,2,train,8e09076bf51b6e63059e90af266c3f1132bbe803abc8b141872858d8042f1ac8,75e3067e6ff0b754d2de4450097216264d4ece3b49a94aaaaab9056ca1fd9685,Put butter on top of the pancake.
497,455381,3,train,8e09076bf51b6e63059e90af266c3f1132bbe803abc8b141872858d8042f1ac8,ebd0280a2093931678734a1302a13db478fbf41ba725a49578ace8cd8e6e1ec3,The table should be silver.
498,196639,1,val,eb3ea5c4c609d6ed735d2f0ee30ffef888dfd4f7b6a5c14dc3a66846574b6a9f,e620abb21a376fbd56338a4c3ddc202680c81267816e11301c2ea8bfc35a7289,Remove the two adults in the background.
499,22072,1,val,7b367afe76c5eac63a982ddd9170d73b37c0fe56e642ad5d0651cec53b718667,9833218860a7035bea4b30d1b940c7529d95db49aeb3d2f30573303056d2be2f,Take the drink away.
