model,epoch,train_loss,val_final_query_loss
fusion_single_edit,0,1.454833584006675,0.39761170057150036
fusion_single_edit,1,0.08407336680921251,0.15759470282743374
fusion_single_edit,2,0.02788390523703869,0.10942917341032089
fusion_single_edit,3,0.01668759810732689,0.0865582843335011
fusion_single_edit,4,0.012068244516375492,0.0723877707347035
fusion_single_edit,5,0.009559085743897733,0.06233219272689894
fusion_single_edit,6,0.007969396751064495,0.05461494579391841
fusion_single_edit,7,0.006856174735926805,0.04838052261934186
fusion_single_edit,8,0.006018875814900415,0.04315644403686747
fusion_single_edit,9,0.005355140591381135,0.03866354273579931
fusion_single_edit,10,0.0048080069860087955,0.03472938155083774
fusion_single_edit,11,0.004343370424094191,0.031239478389742985
fusion_single_edit,12,0.003939058471108232,0.0281089741474716
fusion_single_edit,13,0.003581354725937928,0.025286933290212452
fusion_single_edit,14,0.0032605162249893906,0.022729892704470938
fusion_single_edit,15,0.0029698958742682556,0.020408509625364484
fusion_single_edit,16,0.0027050350407646652,0.018300555713768773
fusion_single_edit,17,0.002462732979394874,0.016388044753582038
fusion_single_edit,18,0.002240385715861897,0.014653968374029947
fusion_single_edit,19,0.002036155144226481,0.013085153950063008
fusion_single_edit,20,0.0018486711365157445,0.011668730651063716
fusion_single_edit,21,0.0016766758070950133,0.010393360189902104
fusion_single_edit,22,0.0015191219507090603,0.009247302109169816
fusion_single_edit,23,0.0013750272494663983,0.008220310335684936
fusion_single_edit,24,0.0012435354364158397,0.007302431854764808
fusion_single_edit,25,0.0011238120324190653,0.006483931391253113
fusion_single_edit,26,0.001015165989492049,0.005756290869239586
fusion_single_edit,27,0.0009166319426377483,0.005109618328805692
fusion_single_edit,28,0.000827550322054753,0.004536682640699989
fusion_single_edit,29,0.000751799458055932,0.004028781503931301
fusion_single_edit,30,0.0006736267328675497,0.0035748255938753385
fusion_single_edit,31,0.0006114588022018148,0.0031788698126880067
fusion_single_edit,32,0.0005484707224065781,0.002822641747719774
fusion_single_edit,33,0.0004952098975425112,0.0025113629987677435
fusion_single_edit,34,0.0004472224991166106,0.0022357437522500935
fusion_single_edit,35,0.00040399582720957724,0.001991605804599171
fusion_single_edit,36,0.00036506261987125164,0.0017752870957571587
fusion_single_edit,37,0.00032999788481855415,0.0015835413438963632
fusion_single_edit,38,0.00029842130995260963,0.0014134922239860952
fusion_single_edit,39,0.00026997908389918106,0.001262587850326997
fusion_single_edit,40,0.0002443502080109062,0.0011285647665290482
fusion_single_edit,41,0.0002212441325339798,0.0010094831482223736
fusion_single_edit,42,0.00020041273605910168,0.0009035482640612349
fusion_single_edit,43,0.0001816198643654413,0.0008093073610371431
fusion_single_edit,44,0.00016465879759621345,0.0007253502976649446
fusion_single_edit,45,0.0001493467625092882,0.0006505174985385965
fusion_single_edit,46,0.00013551121358694885,0.0005837723535616026
fusion_single_edit,47,0.00012300583846146498,0.0005242889738768533
fusion_single_edit,48,0.00011170231541330022,0.00047115462663436473
fusion_single_edit,49,0.00010147185434642163,0.0004236218868472773
fusion_single_edit,50,9.221036462956116e-05,0.0003811130702590122
fusion_single_edit,51,8.382733510482618e-05,0.0003430588396899117
fusion_single_edit,52,7.622697899691474e-05,0.0003089513513849158
fusion_single_edit,53,6.934250876156001e-05,0.00027835659864796123
fusion_single_edit,54,6.30986322845447e-05,0.00025090321709178364
fusion_single_edit,55,5.743228176502945e-05,0.00022626395067777303
fusion_single_edit,56,5.2292089429979745e-05,0.00020421752541939972
fusion_single_edit,57,4.762268902531517e-05,0.0001844316049040519
fusion_single_edit,58,4.338269245037116e-05,0.00016664644712304194
fusion_single_edit,59,3.9529021858335726e-05,0.00015061706808840205
fusion_single_edit,60,3.6026259108144835e-05,0.00013617432642358077
fusion_single_edit,61,3.2843071051719694e-05,0.00012315178683727424
fusion_single_edit,62,2.9946563046861885e-05,0.00011140407663135239
fusion_single_edit,63,2.73101561463473e-05,0.00010081000038133844
fusion_single_edit,64,2.491287886156106e-05,9.123292428424835e-05
fusion_single_edit,65,2.2730113886603487e-05,8.262463459173794e-05
fusion_single_edit,66,2.0739332416646265e-05,7.481458611635343e-05
fusion_single_edit,67,1.8928637780459076e-05,6.777876952577199e-05
fusion_single_edit,68,1.7278263074952186e-05,6.140756362472716e-05
fusion_single_edit,69,1.577338382074634e-05,5.564624635431196e-05
fusion_single_edit,70,1.4402005753353735e-05,5.044312269156319e-05
fusion_single_edit,71,1.3152824736363674e-05,4.57311496688817e-05
fusion_single_edit,72,1.2012383994664775e-05,4.147383435793017e-05
fusion_single_edit,73,1.0973616352223035e-05,3.760712341752482e-05
fusion_single_edit,74,1.0025175845614848e-05,3.411889853329087e-05
fusion_single_edit,75,9.159975082503862e-06,3.0963418558881946e-05
fusion_single_edit,76,8.370921790571742e-06,2.8094904988707778e-05
fusion_single_edit,77,7.648779424908333e-06,2.5501188689466184e-05
fusion_single_edit,78,6.990720556800652e-06,2.3145653683943925e-05
fusion_single_edit,79,6.390347920627933e-06,2.102527580952267e-05
fusion_single_edit,80,5.841974244259892e-06,1.907896857525989e-05
fusion_single_edit,81,5.34133468387844e-06,1.732814723399729e-05
fusion_single_edit,82,4.8841612585980345e-06,1.5748388145234516e-05
fusion_single_edit,83,4.466184593337664e-06,1.4306085678146455e-05
fusion_single_edit,84,4.08384565560878e-06,1.3001255807373524e-05
fusion_single_edit,85,3.735724457366738e-06,1.1809461692535431e-05
fusion_single_edit,86,3.415407002262191e-06,1.0761272162012458e-05
fusion_single_edit,87,3.1243240834397826e-06,9.826136828194602e-06
fusion_single_edit,88,2.858912660098986e-06,8.96738429918724e-06
fusion_single_edit,89,2.6148949919859627e-06,8.191133544572109e-06
fusion_single_edit,90,2.392273867491655e-06,7.479048947108169e-06
fusion_single_edit,91,2.1889105907635773e-06,6.825022060533788e-06
fusion_single_edit,92,2.0026666402236785e-06,6.2412812859782625e-06
fusion_single_edit,93,1.8335435843418636e-06,5.706432716579002e-06
fusion_single_edit,94,1.6779747225544945e-06,5.211310869923088e-06
fusion_single_edit,95,1.5359611005081746e-06,4.780368021200933e-06
fusion_single_edit,96,1.406076194824439e-06,4.373871769157398e-06
fusion_single_edit,97,1.2861800897297656e-06,4.0162749399267995e-06
fusion_single_edit,98,1.176273133773022e-06,3.6922948946737915e-06
fusion_single_edit,99,1.077783418802578e-06,3.4172158929999196e-06
fusion_multistage,0,0.8919332261375359,0.13835777803204763
fusion_multistage,1,0.05973686238051593,0.060921613386688896
fusion_multistage,2,0.033676812899128175,0.036031627790996425
fusion_multistage,3,0.024132882564114756,0.022982901530411208
fusion_multistage,4,0.018834051316841273,0.015057777660797748
fusion_multistage,5,0.01533794557745297,0.009960203615031414
fusion_multistage,6,0.01279489373622949,0.0065930064096077195
fusion_multistage,7,0.010830516920172582,0.004347796437400575
fusion_multistage,8,0.00924992361694422,0.0028509348033641147
fusion_multistage,9,0.007944664363958078,0.001858177534707477
fusion_multistage,10,0.006844333037383293,0.001205962018403466
fusion_multistage,11,0.005902217884081084,0.0007776032767363261
fusion_multistage,12,0.005091748475741719,0.0004997190565358795
fusion_multistage,13,0.004387884448103195,0.0003196557201706495
fusion_multistage,14,0.0037745668224096482,0.00020353843171323096
fusion_multistage,15,0.0032399014447279176,0.00012913590291656162
fusion_multistage,16,0.002774523555693787,8.178401062125956e-05
fusion_multistage,17,0.002370767690657919,5.173842912835169e-05
fusion_multistage,18,0.002022030711839231,3.2768961078160755e-05
fusion_multistage,19,0.0017221603780173394,2.088481318998138e-05
fusion_multistage,20,0.0014653824320587142,1.3499410051473695e-05
fusion_multistage,21,0.001246324589124055,8.82072017469536e-06
fusion_multistage,22,0.0010600191727021444,5.91121274504612e-06
fusion_multistage,23,0.0009018537346760431,3.985711559951783e-06
fusion_multistage,24,0.0007677480723234586,2.6989477664056512e-06
fusion_multistage,25,0.0006541064419819516,1.8828592024314835e-06
fusion_multistage,26,0.0005578119498354946,1.3326803696145362e-06
fusion_multistage,27,0.000476177098871032,9.353250886280106e-07
fusion_multistage,28,0.00040692059227161724,6.663445550094739e-07
fusion_multistage,29,0.00034810844899038466,4.7072137185284356e-07
fusion_multistage,30,0.0002981052045685134,3.331733955164031e-07
fusion_multistage,31,0.00025554098671603533,2.4453116910267573e-07
fusion_multistage,32,0.00021926370855163206,1.742285965414899e-07
fusion_multistage,33,0.00018835755098445958,1.2532239915904378e-07
fusion_multistage,34,0.00016194402208806377,8.252942197446035e-08
fusion_multistage,35,0.0001393150560085649,5.807627682467379e-08
fusion_multistage,36,0.0001199675631753919,3.973640580112167e-08
fusion_multistage,37,0.00010333990448472406,2.4453178672828447e-08
fusion_multistage,38,8.910234096149998e-05,1.8339886145359067e-08
fusion_multistage,39,7.688367316680607e-05,9.169943892536535e-09
fusion_multistage,40,6.635703636861884e-05,6.113296171278284e-09
fusion_multistage,41,5.728124784822916e-05,3.056648267829587e-09
fusion_multistage,42,4.948114602539984e-05,3.056648267829587e-09
fusion_multistage,43,4.2752207948388875e-05,3.056648267829587e-09
fusion_multistage,44,3.695557785494741e-05,0.0
fusion_multistage,45,3.195480747958512e-05,0.0
fusion_multistage,46,2.7646937282852635e-05,0.0
fusion_multistage,47,2.3922277398219835e-05,0.0
fusion_multistage,48,2.0700090513773002e-05,0.0
fusion_multistage,49,1.7918329476129675e-05,0.0
fusion_multistage,50,1.5513201963038336e-05,0.0
fusion_multistage,51,1.3434496409068931e-05,0.0
fusion_multistage,52,1.1638237393800355e-05,0.0
fusion_multistage,53,1.0079981030417302e-05,0.0
fusion_multistage,54,8.731578099109227e-06,0.0
fusion_multistage,55,7.564852772868477e-06,0.0
fusion_multistage,56,6.55679690005617e-06,0.0
fusion_multistage,57,5.681379165726834e-06,0.0
fusion_multistage,58,4.922997353656501e-06,0.0
fusion_multistage,59,4.266777580320127e-06,0.0
fusion_multistage,60,3.6978246333257463e-06,0.0
fusion_multistage,61,3.2060933974384494e-06,0.0
fusion_multistage,62,2.7774149915511827e-06,0.0
fusion_multistage,63,2.408075072089331e-06,0.0
fusion_multistage,64,2.087256700669227e-06,0.0
fusion_multistage,65,1.8089950489494102e-06,0.0
fusion_multistage,66,1.5680685353566284e-06,0.0
fusion_multistage,67,1.3585066564735477e-06,0.0
fusion_multistage,68,1.178446624240524e-06,0.0
fusion_multistage,69,1.0207938550285182e-06,0.0
fusion_multistage,70,8.844300363618179e-07,0.0
fusion_multistage,71,7.659952344727794e-07,0.0
fusion_multistage,72,6.643699103864674e-07,0.0
fusion_multistage,73,5.754455885758362e-07,0.0
fusion_multistage,74,4.984757191176466e-07,0.0
fusion_multistage,75,4.3159281884622956e-07,0.0
fusion_multistage,76,3.740501425393269e-07,0.0
fusion_multistage,77,3.2397982053165987e-07,0.0
fusion_multistage,78,2.802610646072482e-07,0.0
fusion_multistage,79,2.4289423814522014e-07,0.0
fusion_multistage,80,2.1038476201148915e-07,0.0
fusion_multistage,81,1.8235913253431627e-07,0.0
fusion_multistage,82,1.5807002696943546e-07,0.0
fusion_multistage,83,1.3602287290952837e-07,0.0
fusion_multistage,84,1.1808609887621374e-07,0.0
fusion_multistage,85,1.0276504229675019e-07,0.0
fusion_multistage,86,8.856496787356774e-08,0.0
fusion_multistage,87,7.660696058004058e-08,0.0
fusion_multistage,88,6.65173629642715e-08,0.0
fusion_multistage,89,5.792250118064997e-08,0.0
fusion_multistage,90,4.970130219470173e-08,0.0
fusion_multistage,91,4.334854727767094e-08,0.0
fusion_multistage,92,3.7369469324620006e-08,0.0
fusion_multistage,93,3.251145903799322e-08,0.0
fusion_multistage,94,2.802713981483069e-08,0.0
fusion_multistage,95,2.466389683360808e-08,0.0
fusion_multistage,96,2.1300649575764608e-08,0.0
fusion_multistage,97,1.831109344820759e-08,0.0
fusion_multistage,98,1.6068923857844332e-08,0.0
fusion_multistage,99,1.382675286421485e-08,0.0
