method,edit_type,queries,gallery_size,Recall@1,Recall@5,Recall@10
fusion_multistage,center_crop_50,51,257,1.0,1.0,1.0
fusion_single_edit,center_crop_50,51,257,1.0,1.0,1.0
sscd_fixed_patch,center_crop_50,51,257,1.0,1.0,1.0
sscd_global,center_crop_50,51,257,1.0,1.0,1.0
fusion_multistage,center_crop_70,51,257,1.0,1.0,1.0
fusion_single_edit,center_crop_70,51,257,1.0,1.0,1.0
sscd_fixed_patch,center_crop_70,51,257,1.0,1.0,1.0
sscd_global,center_crop_70,51,257,1.0,1.0,1.0
fusion_multistage,center_occlusion_35,51,257,1.0,1.0,1.0
fusion_single_edit,center_occlusion_35,51,257,1.0,1.0,1.0
sscd_fixed_patch,center_occlusion_35,51,257,1.0,1.0,1.0
sscd_global,center_occlusion_35,51,257,1.0,1.0,1.0
fusion_multistage,gaussian_blur_r3,51,257,1.0,1.0,1.0
fusion_single_edit,gaussian_blur_r3,51,257,1.0,1.0,1.0
sscd_fixed_patch,gaussian_blur_r3,51,257,1.0,1.0,1.0
sscd_global,gaussian_blur_r3,51,257,1.0,1.0,1.0
fusion_multistage,jpeg_quality_15,51,257,1.0,1.0,1.0
fusion_single_edit,jpeg_quality_15,51,257,1.0,1.0,1.0
sscd_fixed_patch,jpeg_quality_15,51,257,1.0,1.0,1.0
sscd_global,jpeg_quality_15,51,257,1.0,1.0,1.0
